scenario_id,question,location,decision_type,outdoor_temp,appliance_age,flow_rate,calculator,extraction_failed,gt_calculation_failed,alternative,energy_cost,environmental,comfort,practicality,rank,weighted_score
1,Cold day today with 2 people home. What's a good heating temperature?,"Bethlehem, PA",HVAC,26,,,HVACGroundTruthCalculator,False,False,67,9.13,9.14,6.11,7.29,3,8.2535
1,Cold day today with 2 people home. What's a good heating temperature?,"Bethlehem, PA",HVAC,26,,,HVACGroundTruthCalculator,False,False,70,8.91,8.91,10.0,7.29,1,8.885
1,Cold day today with 2 people home. What's a good heating temperature?,"Bethlehem, PA",HVAC,26,,,HVACGroundTruthCalculator,False,False,73,8.68,8.68,7.83,7.29,2,8.301499999999999
2,It's hot today and we're home as usual. What temperature should I set the AC to?,"Doylestown, PA",HVAC,91,,,HVACGroundTruthCalculator,False,False,72,5.42,5.43,5.73,9.59,3,6.110999999999999
2,It's hot today and we're home as usual. What temperature should I set the AC to?,"Doylestown, PA",HVAC,91,,,HVACGroundTruthCalculator,False,False,75,5.75,5.75,9.25,9.59,1,7.026
2,It's hot today and we're home as usual. What temperature should I set the AC to?,"Doylestown, PA",HVAC,91,,,HVACGroundTruthCalculator,False,False,79,6.18,6.18,7.59,9.59,2,6.9735
3,It's cold outside and we're home as usual. What should I set the heat to?,"Doylestown, PA",HVAC,19,,,HVACGroundTruthCalculator,False,False,68,6.69,6.69,8.46,7.29,1,7.1339999999999995
3,It's cold outside and we're home as usual. What should I set the heat to?,"Doylestown, PA",HVAC,19,,,HVACGroundTruthCalculator,False,False,71,6.35,6.35,9.25,7.29,2,7.070999999999999
3,It's cold outside and we're home as usual. What should I set the heat to?,"Doylestown, PA",HVAC,19,,,HVACGroundTruthCalculator,False,False,74,6.01,6.02,6.65,7.29,3,6.3335
4,Someone's home all day and it's hot outside. What should I set the AC to?,"Media, PA",HVAC,87,,,HVACGroundTruthCalculator,False,False,75,6.82,6.82,9.32,9.59,2,7.7355
4,Someone's home all day and it's hot outside. What should I set the AC to?,"Media, PA",HVAC,87,,,HVACGroundTruthCalculator,False,False,78,7.18,7.19,8.6,10.0,1,7.8905
4,Someone's home all day and it's hot outside. What should I set the AC to?,"Media, PA",HVAC,87,,,HVACGroundTruthCalculator,False,False,81,7.55,7.55,5.13,10.0,3,7.433499999999999
5,Someone's home all day and it's cold. What heating temperature should I use?,"Media, PA",HVAC,23,,,HVACGroundTruthCalculator,False,False,67,6.63,6.64,6.11,7.29,2,6.6285
5,Someone's home all day and it's cold. What heating temperature should I use?,"Media, PA",HVAC,23,,,HVACGroundTruthCalculator,False,False,70,6.25,6.26,10.0,7.29,1,7.1594999999999995
5,Someone's home all day and it's cold. What heating temperature should I use?,"Media, PA",HVAC,23,,,HVACGroundTruthCalculator,False,False,73,5.87,5.88,7.83,7.29,3,6.4784999999999995
6,We're all out for 8 hours in the heat. What AC setting makes sense?,"Allentown, PA",HVAC,90,,,HVACGroundTruthCalculator,False,False,76,6.87,6.87,10.0,9.59,1,7.904
6,We're all out for 8 hours in the heat. What AC setting makes sense?,"Allentown, PA",HVAC,90,,,HVACGroundTruthCalculator,False,False,79,7.21,7.22,7.83,9.59,2,7.6945
6,We're all out for 8 hours in the heat. What AC setting makes sense?,"Allentown, PA",HVAC,90,,,HVACGroundTruthCalculator,False,False,82,7.56,7.56,4.06,10.0,3,7.226
7,We're all out for 8 hours in cold weather. What heating temperature is best?,"Allentown, PA",HVAC,21,,,HVACGroundTruthCalculator,False,False,66,6.69,6.69,5.13,7.29,3,6.467999999999999
7,We're all out for 8 hours in cold weather. What heating temperature is best?,"Allentown, PA",HVAC,21,,,HVACGroundTruthCalculator,False,False,69,6.33,6.33,9.32,7.29,1,7.071999999999999
7,We're all out for 8 hours in cold weather. What heating temperature is best?,"Allentown, PA",HVAC,21,,,HVACGroundTruthCalculator,False,False,72,5.97,5.97,8.6,7.29,2,6.693999999999999
8,The house will be empty for 12 hours today. What AC temperature should I set?,"Harrisburg, PA",HVAC,94,,,HVACGroundTruthCalculator,False,False,76,4.69,4.69,10.0,9.59,1,6.487
8,The house will be empty for 12 hours today. What AC temperature should I set?,"Harrisburg, PA",HVAC,94,,,HVACGroundTruthCalculator,False,False,79,5.21,5.21,7.34,9.59,2,6.292999999999999
8,The house will be empty for 12 hours today. What AC temperature should I set?,"Harrisburg, PA",HVAC,94,,,HVACGroundTruthCalculator,False,False,82,5.73,5.73,2.61,9.59,3,5.6850000000000005
9,The house will be empty for 12 hours today. What heat setting should I use?,"Harrisburg, PA",HVAC,17,,,HVACGroundTruthCalculator,False,False,66,2.45,2.45,4.28,7.29,3,3.542
9,The house will be empty for 12 hours today. What heat setting should I use?,"Harrisburg, PA",HVAC,17,,,HVACGroundTruthCalculator,False,False,69,1.86,1.86,9.18,7.29,1,4.1385
9,The house will be empty for 12 hours today. What heat setting should I use?,"Harrisburg, PA",HVAC,17,,,HVACGroundTruthCalculator,False,False,72,1.17,1.27,8.3,7.29,2,3.5489999999999995
10,I'm working from home today and it's hot. What AC temperature should I use?,"Blue Bell, PA",HVAC,88,,,HVACGroundTruthCalculator,False,False,73,5.84,5.84,7.59,9.59,3,6.7524999999999995
10,I'm working from home today and it's hot. What AC temperature should I use?,"Blue Bell, PA",HVAC,88,,,HVACGroundTruthCalculator,False,False,76,6.17,6.17,10.0,9.59,1,7.449
10,I'm working from home today and it's hot. What AC temperature should I use?,"Blue Bell, PA",HVAC,88,,,HVACGroundTruthCalculator,False,False,79,6.5,6.5,7.59,10.0,2,7.242999999999999
11,I'm working from home and it's cold outside. What should I set the heat to?,"Blue Bell, PA",HVAC,22,,,HVACGroundTruthCalculator,False,False,68,6.84,6.84,8.46,7.29,1,7.2315
11,I'm working from home and it's cold outside. What should I set the heat to?,"Blue Bell, PA",HVAC,22,,,HVACGroundTruthCalculator,False,False,71,6.49,6.49,9.25,7.29,2,7.162
11,I'm working from home and it's cold outside. What should I set the heat to?,"Blue Bell, PA",HVAC,22,,,HVACGroundTruthCalculator,False,False,74,6.15,6.15,6.65,7.29,3,6.420999999999999
12,The house will be empty for 4 hours today. What AC temperature should I set?,"York, PA",HVAC,92,,,HVACGroundTruthCalculator,False,False,78,7.52,7.53,8.6,9.59,1,8.049999999999999
12,The house will be empty for 4 hours today. What AC temperature should I set?,"York, PA",HVAC,92,,,HVACGroundTruthCalculator,False,False,81,7.87,7.87,5.13,9.59,2,7.579999999999998
12,The house will be empty for 4 hours today. What AC temperature should I set?,"York, PA",HVAC,92,,,HVACGroundTruthCalculator,False,False,84,8.22,8.22,1.53,7.29,3,6.7425
13,The house will be empty for 4 hours today. What heat setting should I use?,"York, PA",HVAC,20,,,HVACGroundTruthCalculator,False,False,65,6.86,6.86,4.06,7.29,3,6.3645
13,The house will be empty for 4 hours today. What heat setting should I use?,"York, PA",HVAC,20,,,HVACGroundTruthCalculator,False,False,68,6.5,6.51,8.6,7.29,1,7.041999999999999
13,The house will be empty for 4 hours today. What heat setting should I use?,"York, PA",HVAC,20,,,HVACGroundTruthCalculator,False,False,71,6.15,6.15,9.32,7.29,2,6.954999999999999
14,I'll be home all day working and it's hot outside. What AC temperature makes sense?,"Phoenixville, PA",HVAC,89,,,HVACGroundTruthCalculator,False,False,76,6.84,6.84,10.0,9.59,1,7.884499999999999
14,I'll be home all day working and it's hot outside. What AC temperature makes sense?,"Phoenixville, PA",HVAC,89,,,HVACGroundTruthCalculator,False,False,79,7.2,7.2,7.83,9.59,2,7.6845
14,I'll be home all day working and it's hot outside. What AC temperature makes sense?,"Phoenixville, PA",HVAC,89,,,HVACGroundTruthCalculator,False,False,82,7.56,7.56,4.06,10.0,3,7.226
15,I'll be home all day and it's cold. What temperature should I set the thermostat to?,"Phoenixville, PA",HVAC,24,,,HVACGroundTruthCalculator,False,False,66,6.86,6.87,5.13,7.29,3,6.582
15,I'll be home all day and it's cold. What temperature should I set the thermostat to?,"Phoenixville, PA",HVAC,24,,,HVACGroundTruthCalculator,False,False,69,6.49,6.49,9.32,7.29,1,7.176
15,I'll be home all day and it's cold. What temperature should I set the thermostat to?,"Phoenixville, PA",HVAC,24,,,HVACGroundTruthCalculator,False,False,72,6.11,6.11,8.6,7.29,2,6.784999999999999
16,No one's home for 8 hours and it's hot. What should I set the AC to?,"Scranton, PA",HVAC,84,,,HVACGroundTruthCalculator,False,False,75,7.68,7.68,9.32,10.0,2,8.355999999999998
16,No one's home for 8 hours and it's hot. What should I set the AC to?,"Scranton, PA",HVAC,84,,,HVACGroundTruthCalculator,False,False,78,8.0,8.0,8.6,10.0,1,8.419999999999998
16,No one's home for 8 hours and it's hot. What should I set the AC to?,"Scranton, PA",HVAC,84,,,HVACGroundTruthCalculator,False,False,81,8.33,8.33,6.11,10.0,3,8.136500000000002
17,No one's home for 8 hours and it's cold. What should I set the heat to?,"Scranton, PA",HVAC,16,,,HVACGroundTruthCalculator,False,False,66,6.48,6.48,5.13,7.29,3,6.331499999999999
17,No one's home for 8 hours and it's cold. What should I set the heat to?,"Scranton, PA",HVAC,16,,,HVACGroundTruthCalculator,False,False,69,6.14,6.14,9.32,7.29,1,6.948499999999999
17,No one's home for 8 hours and it's cold. What should I set the heat to?,"Scranton, PA",HVAC,16,,,HVACGroundTruthCalculator,False,False,72,5.8,5.8,8.6,7.29,2,6.583499999999999
18,We're all out for 8 hours in the heat. What AC setting makes sense?,"Norristown, PA",HVAC,91,,,HVACGroundTruthCalculator,False,False,78,7.92,7.92,8.6,9.59,1,8.3065
18,We're all out for 8 hours in the heat. What AC setting makes sense?,"Norristown, PA",HVAC,91,,,HVACGroundTruthCalculator,False,False,81,8.22,8.22,5.13,9.59,2,7.807499999999999
18,We're all out for 8 hours in the heat. What AC setting makes sense?,"Norristown, PA",HVAC,91,,,HVACGroundTruthCalculator,False,False,84,8.51,8.51,1.53,7.29,3,6.930999999999999
19,We're all out for 8 hours in cold weather. What heating temperature is best?,"Norristown, PA",HVAC,19,,,HVACGroundTruthCalculator,False,False,65,7.02,7.03,4.06,7.29,3,6.4719999999999995
19,We're all out for 8 hours in cold weather. What heating temperature is best?,"Norristown, PA",HVAC,19,,,HVACGroundTruthCalculator,False,False,68,6.69,6.69,8.6,7.29,1,7.161999999999999
19,We're all out for 8 hours in cold weather. What heating temperature is best?,"Norristown, PA",HVAC,19,,,HVACGroundTruthCalculator,False,False,71,6.35,6.35,9.32,7.29,2,7.084999999999999
20,It's hot today and we're home as usual. What temperature should I set the AC to?,"Lower Merion, PA",HVAC,90,,,HVACGroundTruthCalculator,False,False,71,4.06,4.06,4.61,9.59,3,4.999499999999999
20,It's hot today and we're home as usual. What temperature should I set the AC to?,"Lower Merion, PA",HVAC,90,,,HVACGroundTruthCalculator,False,False,75,4.59,4.6,9.25,9.59,2,6.275499999999999
20,It's hot today and we're home as usual. What temperature should I set the AC to?,"Lower Merion, PA",HVAC,90,,,HVACGroundTruthCalculator,False,False,79,5.13,5.13,7.59,9.59,1,6.291
21,It's cold outside and we're home as usual. What should I set the heat to?,"Lower Merion, PA",HVAC,23,,,HVACGroundTruthCalculator,False,False,68,5.88,5.88,8.46,7.29,1,6.6075
21,It's cold outside and we're home as usual. What should I set the heat to?,"Lower Merion, PA",HVAC,23,,,HVACGroundTruthCalculator,False,False,71,5.46,5.46,9.25,7.29,2,6.492499999999999
21,It's cold outside and we're home as usual. What should I set the heat to?,"Lower Merion, PA",HVAC,23,,,HVACGroundTruthCalculator,False,False,74,5.04,5.04,6.65,7.29,3,5.6995
22,The house is unoccupied for 4 hours today. What's the best AC temperature?,"King of Prussia, PA",HVAC,93,,,HVACGroundTruthCalculator,False,False,75,5.04,5.04,9.18,9.59,2,6.5504999999999995
22,The house is unoccupied for 4 hours today. What's the best AC temperature?,"King of Prussia, PA",HVAC,93,,,HVACGroundTruthCalculator,False,False,78,5.48,5.48,8.3,9.59,1,6.660500000000001
22,The house is unoccupied for 4 hours today. What's the best AC temperature?,"King of Prussia, PA",HVAC,93,,,HVACGroundTruthCalculator,False,False,81,5.93,5.93,4.06,9.59,3,6.105
23,The house is unoccupied for 4 hours. What should I set the thermostat to?,"King of Prussia, PA",HVAC,18,,,HVACGroundTruthCalculator,False,False,66,4.3,4.3,4.28,7.29,3,4.7444999999999995
23,The house is unoccupied for 4 hours. What should I set the thermostat to?,"King of Prussia, PA",HVAC,18,,,HVACGroundTruthCalculator,False,False,69,3.8,3.8,9.18,7.29,1,5.3995
23,The house is unoccupied for 4 hours. What should I set the thermostat to?,"King of Prussia, PA",HVAC,18,,,HVACGroundTruthCalculator,False,False,72,3.31,3.31,8.3,7.29,2,4.905
24,It's hot today and we're home as usual. What temperature should I set the AC to?,"Pottstown, PA",HVAC,88,,,HVACGroundTruthCalculator,False,False,76,6.73,6.73,10.0,9.59,1,7.813000000000001
24,It's hot today and we're home as usual. What temperature should I set the AC to?,"Pottstown, PA",HVAC,88,,,HVACGroundTruthCalculator,False,False,79,7.1,7.1,7.83,10.0,2,7.681
24,It's hot today and we're home as usual. What temperature should I set the AC to?,"Pottstown, PA",HVAC,88,,,HVACGroundTruthCalculator,False,False,82,7.48,7.48,4.06,10.0,3,7.174
25,It's cold outside and we're home as usual. What should I set the heat to?,"Pottstown, PA",HVAC,21,,,HVACGroundTruthCalculator,False,False,66,5.9,5.9,5.13,7.29,3,5.9544999999999995
25,It's cold outside and we're home as usual. What should I set the heat to?,"Pottstown, PA",HVAC,21,,,HVACGroundTruthCalculator,False,False,69,5.48,5.48,9.32,7.29,1,6.5195
25,It's cold outside and we're home as usual. What should I set the heat to?,"Pottstown, PA",HVAC,21,,,HVACGroundTruthCalculator,False,False,72,5.06,5.06,8.6,7.29,2,6.102499999999999
26,It's hot today and everyone's home. What temperature makes sense for the AC?,"Exton, PA",HVAC,91,,,HVACGroundTruthCalculator,False,False,73,5.33,5.33,7.59,9.59,3,6.420999999999999
26,It's hot today and everyone's home. What temperature makes sense for the AC?,"Exton, PA",HVAC,91,,,HVACGroundTruthCalculator,False,False,76,5.66,5.66,10.0,9.59,1,7.1175
26,It's hot today and everyone's home. What temperature makes sense for the AC?,"Exton, PA",HVAC,91,,,HVACGroundTruthCalculator,False,False,79,6.0,6.0,7.59,9.59,2,6.856499999999999
27,It's cold today and everyone's home. What heating temperature should I use?,"Exton, PA",HVAC,20,,,HVACGroundTruthCalculator,False,False,67,6.71,6.71,5.82,7.29,2,6.618999999999999
27,It's cold today and everyone's home. What heating temperature should I use?,"Exton, PA",HVAC,20,,,HVACGroundTruthCalculator,False,False,70,6.36,6.36,10.0,7.29,1,7.2275
27,It's cold today and everyone's home. What heating temperature should I use?,"Exton, PA",HVAC,20,,,HVACGroundTruthCalculator,False,False,73,6.01,6.02,7.59,7.29,3,6.5215
28,"With 2 people home on a hot day, what's the best AC setting?","Reading, PA",HVAC,92,,,HVACGroundTruthCalculator,False,False,78,6.4,6.4,8.6,9.59,1,7.3185
28,"With 2 people home on a hot day, what's the best AC setting?","Reading, PA",HVAC,92,,,HVACGroundTruthCalculator,False,False,81,6.81,6.82,5.13,9.59,2,6.894499999999999
28,"With 2 people home on a hot day, what's the best AC setting?","Reading, PA",HVAC,92,,,HVACGroundTruthCalculator,False,False,84,7.23,7.23,1.53,7.29,3,6.099
29,Cold day today with 2 people home. What's a good heating temperature?,"Reading, PA",HVAC,22,,,HVACGroundTruthCalculator,False,False,65,4.73,5.36,4.06,7.29,3,5.2005
29,Cold day today with 2 people home. What's a good heating temperature?,"Reading, PA",HVAC,22,,,HVACGroundTruthCalculator,False,False,68,3.52,4.88,8.6,7.29,1,5.5775
29,Cold day today with 2 people home. What's a good heating temperature?,"Reading, PA",HVAC,22,,,HVACGroundTruthCalculator,False,False,71,2.47,4.4,9.32,7.29,2,5.2385
30,It's a hot day. What should I set my air conditioning to?,"Newtown, PA",HVAC,89,,,HVACGroundTruthCalculator,False,False,74,6.25,6.25,8.6,9.59,2,7.221
30,It's a hot day. What should I set my air conditioning to?,"Newtown, PA",HVAC,89,,,HVACGroundTruthCalculator,False,False,77,6.55,6.55,9.32,9.59,1,7.5600000000000005
30,It's a hot day. What should I set my air conditioning to?,"Newtown, PA",HVAC,89,,,HVACGroundTruthCalculator,False,False,80,6.85,6.85,6.11,10.0,3,7.174499999999999
31,It's a cold day. What should I set the thermostat to?,"Newtown, PA",HVAC,24,,,HVACGroundTruthCalculator,False,False,67,7.43,7.43,6.11,7.29,2,7.145
31,It's a cold day. What should I set the thermostat to?,"Newtown, PA",HVAC,24,,,HVACGroundTruthCalculator,False,False,70,7.1,7.1,10.0,7.29,1,7.7085
31,It's a cold day. What should I set the thermostat to?,"Newtown, PA",HVAC,24,,,HVACGroundTruthCalculator,False,False,73,6.76,6.76,7.83,7.29,3,7.0535
32,It's hot today and we're home as usual. What temperature should I set the AC to?,"Wilkes-Barre, PA",HVAC,87,,,HVACGroundTruthCalculator,False,False,75,5.88,5.88,9.25,9.59,2,7.1105
32,It's hot today and we're home as usual. What temperature should I set the AC to?,"Wilkes-Barre, PA",HVAC,87,,,HVACGroundTruthCalculator,False,False,78,6.33,6.33,8.46,10.0,1,7.3065
32,It's hot today and we're home as usual. What temperature should I set the AC to?,"Wilkes-Barre, PA",HVAC,87,,,HVACGroundTruthCalculator,False,False,81,6.77,6.77,4.61,10.0,3,6.8225
33,It's cold outside and we're home as usual. What should I set the heat to?,"Wilkes-Barre, PA",HVAC,19,,,HVACGroundTruthCalculator,False,False,66,5.03,5.03,4.71,7.29,3,5.305
33,It's cold outside and we're home as usual. What should I set the heat to?,"Wilkes-Barre, PA",HVAC,19,,,HVACGroundTruthCalculator,False,False,69,4.57,4.57,9.25,7.29,1,5.914
33,It's cold outside and we're home as usual. What should I set the heat to?,"Wilkes-Barre, PA",HVAC,19,,,HVACGroundTruthCalculator,False,False,72,4.11,4.11,8.46,7.29,2,5.457
34,"With 2 people home on a hot day, what's the best AC setting?","Carlisle, PA",HVAC,90,,,HVACGroundTruthCalculator,False,False,78,6.34,6.35,8.6,9.59,1,7.2829999999999995
34,"With 2 people home on a hot day, what's the best AC setting?","Carlisle, PA",HVAC,90,,,HVACGroundTruthCalculator,False,False,81,6.79,6.79,5.13,10.0,2,6.9395
34,"With 2 people home on a hot day, what's the best AC setting?","Carlisle, PA",HVAC,90,,,HVACGroundTruthCalculator,False,False,84,7.24,7.24,1.53,7.29,3,6.105499999999999
35,Cold day today with 2 people home. What's a good heating temperature?,"Carlisle, PA",HVAC,23,,,HVACGroundTruthCalculator,False,False,65,5.72,5.72,4.06,7.29,3,5.6235
35,Cold day today with 2 people home. What's a good heating temperature?,"Carlisle, PA",HVAC,23,,,HVACGroundTruthCalculator,False,False,68,4.75,5.26,8.6,7.29,1,6.0794999999999995
35,Cold day today with 2 people home. What's a good heating temperature?,"Carlisle, PA",HVAC,23,,,HVACGroundTruthCalculator,False,False,71,3.59,4.79,9.32,7.29,2,5.710999999999999
36,It's hot today and everyone's home. What temperature makes sense for the AC?,"Lebanon, PA",HVAC,91,,,HVACGroundTruthCalculator,False,False,76,5.18,5.18,10.0,9.59,1,6.8054999999999986
36,It's hot today and everyone's home. What temperature makes sense for the AC?,"Lebanon, PA",HVAC,91,,,HVACGroundTruthCalculator,False,False,79,5.64,5.65,7.83,9.59,2,6.6739999999999995
36,It's hot today and everyone's home. What temperature makes sense for the AC?,"Lebanon, PA",HVAC,91,,,HVACGroundTruthCalculator,False,False,82,6.11,6.11,4.06,10.0,3,6.2835
37,It's cold today and everyone's home. What heating temperature should I use?,"Lebanon, PA",HVAC,21,,,HVACGroundTruthCalculator,False,False,66,3.57,3.57,5.13,7.29,2,4.4399999999999995
37,It's cold today and everyone's home. What heating temperature should I use?,"Lebanon, PA",HVAC,21,,,HVACGroundTruthCalculator,False,False,69,2.99,2.99,9.32,7.29,1,4.901
37,It's cold today and everyone's home. What heating temperature should I use?,"Lebanon, PA",HVAC,21,,,HVACGroundTruthCalculator,False,False,72,2.41,2.41,8.6,7.29,3,4.38
38,It's a hot day. What should I set my air conditioning to?,"Gettysburg, PA",HVAC,88,,,HVACGroundTruthCalculator,False,False,74,6.73,6.74,8.3,9.59,2,7.4765
38,It's a hot day. What should I set my air conditioning to?,"Gettysburg, PA",HVAC,88,,,HVACGroundTruthCalculator,False,False,77,7.01,7.01,9.18,9.59,1,7.8309999999999995
38,It's a hot day. What should I set my air conditioning to?,"Gettysburg, PA",HVAC,88,,,HVACGroundTruthCalculator,False,False,80,7.28,7.28,5.33,10.0,3,7.298
39,It's a cold day. What should I set the thermostat to?,"Gettysburg, PA",HVAC,20,,,HVACGroundTruthCalculator,False,False,67,7.9,7.9,5.53,7.29,3,7.334499999999999
39,It's a cold day. What should I set the thermostat to?,"Gettysburg, PA",HVAC,20,,,HVACGroundTruthCalculator,False,False,70,7.62,7.62,10.0,7.29,1,8.0465
39,It's a cold day. What should I set the thermostat to?,"Gettysburg, PA",HVAC,20,,,HVACGroundTruthCalculator,False,False,73,7.34,7.35,7.34,7.29,2,7.335999999999999
40,What temperature should I set the AC to overnight?,"Chambersburg, PA",HVAC,92,,,HVACGroundTruthCalculator,False,False,75,4.05,4.05,9.25,9.59,2,5.920999999999999
40,What temperature should I set the AC to overnight?,"Chambersburg, PA",HVAC,92,,,HVACGroundTruthCalculator,False,False,78,4.58,4.58,8.46,9.59,1,6.1075
40,What temperature should I set the AC to overnight?,"Chambersburg, PA",HVAC,92,,,HVACGroundTruthCalculator,False,False,81,5.1,5.11,4.61,9.59,3,5.679
41,What temperature should I set the heat to overnight?,"Chambersburg, PA",HVAC,18,,,HVACGroundTruthCalculator,False,False,67,2.27,2.27,5.82,7.29,2,3.7329999999999997
41,What temperature should I set the heat to overnight?,"Chambersburg, PA",HVAC,18,,,HVACGroundTruthCalculator,False,False,70,1.66,1.66,10.0,7.29,1,4.172499999999999
41,What temperature should I set the heat to overnight?,"Chambersburg, PA",HVAC,18,,,HVACGroundTruthCalculator,False,False,73,1.04,1.04,7.59,7.29,3,3.2874999999999996
42,It's hot today and everyone's home. What temperature makes sense for the AC?,"Altoona, PA",HVAC,85,,,HVACGroundTruthCalculator,False,False,76,7.22,7.22,10.0,10.0,1,8.193
42,It's hot today and everyone's home. What temperature makes sense for the AC?,"Altoona, PA",HVAC,85,,,HVACGroundTruthCalculator,False,False,79,7.62,7.62,7.83,10.0,2,8.018999999999998
42,It's hot today and everyone's home. What temperature makes sense for the AC?,"Altoona, PA",HVAC,85,,,HVACGroundTruthCalculator,False,False,82,8.03,8.03,4.06,10.0,3,7.5315
43,It's cold today and everyone's home. What heating temperature should I use?,"Altoona, PA",HVAC,17,,,HVACGroundTruthCalculator,False,False,66,0.55,2.74,5.13,7.29,3,3.2435
43,It's cold today and everyone's home. What heating temperature should I use?,"Altoona, PA",HVAC,17,,,HVACGroundTruthCalculator,False,False,69,0.33,2.14,9.32,7.29,1,3.8055000000000003
43,It's cold today and everyone's home. What heating temperature should I use?,"Altoona, PA",HVAC,17,,,HVACGroundTruthCalculator,False,False,72,0.18,1.54,8.6,7.29,2,3.4064999999999994
44,I'm setting the thermostat for bedtime. What AC temperature is best for sleeping?,"Stroudsburg, PA",HVAC,89,,,HVACGroundTruthCalculator,False,False,76,5.31,5.31,10.0,9.59,1,6.889999999999999
44,I'm setting the thermostat for bedtime. What AC temperature is best for sleeping?,"Stroudsburg, PA",HVAC,89,,,HVACGroundTruthCalculator,False,False,79,5.78,5.78,7.83,9.59,2,6.7615
44,I'm setting the thermostat for bedtime. What AC temperature is best for sleeping?,"Stroudsburg, PA",HVAC,89,,,HVACGroundTruthCalculator,False,False,82,6.26,6.26,4.06,10.0,3,6.381
45,I'm setting the thermostat for bedtime. What heating temperature is best for sleeping?,"Stroudsburg, PA",HVAC,21,,,HVACGroundTruthCalculator,False,False,66,5.14,5.14,5.13,7.29,3,5.460499999999999
45,I'm setting the thermostat for bedtime. What heating temperature is best for sleeping?,"Stroudsburg, PA",HVAC,21,,,HVACGroundTruthCalculator,False,False,69,4.67,4.67,9.32,7.29,1,5.992999999999999
45,I'm setting the thermostat for bedtime. What heating temperature is best for sleeping?,"Stroudsburg, PA",HVAC,21,,,HVACGroundTruthCalculator,False,False,72,4.2,4.2,8.6,7.29,2,5.5435
46,"With people home all day in the heat, what's the best AC setting?","Hazleton, PA",HVAC,98,,,HVACGroundTruthCalculator,False,False,78,0.73,2.96,8.46,8.72,1,4.255
46,"With people home all day in the heat, what's the best AC setting?","Hazleton, PA",HVAC,98,,,HVACGroundTruthCalculator,False,False,80,0.99,3.37,5.73,9.59,2,4.061
46,"With people home all day in the heat, what's the best AC setting?","Hazleton, PA",HVAC,98,,,HVACGroundTruthCalculator,False,False,82,1.32,3.78,3.36,9.59,3,3.8295
47,It's hot today and we're home as usual. What temperature should I set the AC to?,"Monroeville, PA",HVAC,92,,,HVACGroundTruthCalculator,False,False,76,5.11,5.11,10.0,9.59,1,6.76
47,It's hot today and we're home as usual. What temperature should I set the AC to?,"Monroeville, PA",HVAC,92,,,HVACGroundTruthCalculator,False,False,78,5.41,5.41,8.6,9.59,2,6.674999999999999
47,It's hot today and we're home as usual. What temperature should I set the AC to?,"Monroeville, PA",HVAC,92,,,HVACGroundTruthCalculator,False,False,80,5.71,5.72,6.11,9.59,3,6.375500000000001
48,I'll be home all day working and it's hot outside. What AC temperature makes sense?,"New Castle, PA",HVAC,97,,,HVACGroundTruthCalculator,False,False,79,1.05,4.37,7.34,9.59,1,4.7509999999999994
48,I'll be home all day working and it's hot outside. What AC temperature makes sense?,"New Castle, PA",HVAC,97,,,HVACGroundTruthCalculator,False,False,81,1.37,4.73,4.06,9.59,2,4.317
48,I'll be home all day working and it's hot outside. What AC temperature makes sense?,"New Castle, PA",HVAC,97,,,HVACGroundTruthCalculator,False,False,83,1.78,5.09,0.94,8.33,3,3.753
49,It's hot today and we're home as usual. What temperature should I set the AC to?,"Butler, PA",HVAC,88,,,HVACGroundTruthCalculator,False,False,72,5.28,5.28,5.73,9.59,3,6.016500000000001
49,It's hot today and we're home as usual. What temperature should I set the AC to?,"Butler, PA",HVAC,88,,,HVACGroundTruthCalculator,False,False,75,5.63,5.63,9.25,9.59,2,6.947999999999999
49,It's hot today and we're home as usual. What temperature should I set the AC to?,"Butler, PA",HVAC,88,,,HVACGroundTruthCalculator,False,False,78,5.98,5.98,8.46,9.59,1,7.0175
50,The house will be empty for 4 hours today. What AC temperature should I set?,"Coatesville, PA",HVAC,91,,,HVACGroundTruthCalculator,False,False,77,6.01,6.01,9.32,9.59,1,7.209
50,The house will be empty for 4 hours today. What AC temperature should I set?,"Coatesville, PA",HVAC,91,,,HVACGroundTruthCalculator,False,False,79,6.28,6.28,7.83,9.59,2,7.086499999999999
50,The house will be empty for 4 hours today. What AC temperature should I set?,"Coatesville, PA",HVAC,91,,,HVACGroundTruthCalculator,False,False,81,6.56,6.56,5.13,9.59,3,6.728499999999999
51,It's a hot day. What should I set my air conditioning to?,"Uniontown, PA",HVAC,95,,,HVACGroundTruthCalculator,False,False,78,4.15,4.16,8.46,9.59,1,5.8315
51,It's a hot day. What should I set my air conditioning to?,"Uniontown, PA",HVAC,95,,,HVACGroundTruthCalculator,False,False,80,4.53,4.53,5.73,9.59,2,5.529
51,It's a hot day. What should I set my air conditioning to?,"Uniontown, PA",HVAC,95,,,HVACGroundTruthCalculator,False,False,82,4.91,4.91,3.36,9.59,3,5.302
52,Cold day today with 3 people home. What's a good heating temperature?,"Indiana, PA",HVAC,18,,,HVACGroundTruthCalculator,False,False,65,6.31,6.31,4.06,7.29,3,6.007
52,Cold day today with 3 people home. What's a good heating temperature?,"Indiana, PA",HVAC,18,,,HVACGroundTruthCalculator,False,False,68,5.94,5.94,8.6,7.29,1,6.6745
52,Cold day today with 3 people home. What's a good heating temperature?,"Indiana, PA",HVAC,18,,,HVACGroundTruthCalculator,False,False,71,5.56,5.57,9.32,7.29,2,6.574999999999999
53,It's a hot day. What should I set my air conditioning to?,"Meadville, PA",HVAC,90,,,HVACGroundTruthCalculator,False,False,73,5.43,5.44,7.59,9.59,3,6.4895
53,It's a hot day. What should I set my air conditioning to?,"Meadville, PA",HVAC,90,,,HVACGroundTruthCalculator,False,False,76,5.77,5.77,10.0,9.59,1,7.189
53,It's a hot day. What should I set my air conditioning to?,"Meadville, PA",HVAC,90,,,HVACGroundTruthCalculator,False,False,79,6.1,6.1,7.59,9.59,2,6.9215
54,I'll be home all day working and it's hot outside. What AC temperature makes sense?,"Greensburg, PA",HVAC,93,,,HVACGroundTruthCalculator,False,False,79,4.66,5.81,7.83,9.59,1,6.436
54,I'll be home all day working and it's hot outside. What AC temperature makes sense?,"Greensburg, PA",HVAC,93,,,HVACGroundTruthCalculator,False,False,81,5.64,6.12,5.13,9.59,2,6.298499999999999
54,I'll be home all day working and it's hot outside. What AC temperature makes sense?,"Greensburg, PA",HVAC,93,,,HVACGroundTruthCalculator,False,False,83,6.44,6.44,2.86,8.33,3,6.0075
55,It's a hot day. What should I set my air conditioning to?,"DuBois, PA",HVAC,89,,,HVACGroundTruthCalculator,False,False,76,5.88,5.88,10.0,9.59,1,7.2605
55,It's a hot day. What should I set my air conditioning to?,"DuBois, PA",HVAC,89,,,HVACGroundTruthCalculator,False,False,77,6.02,6.02,9.32,9.59,2,7.215499999999999
55,It's a hot day. What should I set my air conditioning to?,"DuBois, PA",HVAC,89,,,HVACGroundTruthCalculator,False,False,78,6.17,6.17,8.6,9.59,3,7.1690000000000005
56,The house will be empty for 4 hours today. What AC temperature should I set?,"Oil City, PA",HVAC,91,,,HVACGroundTruthCalculator,False,False,82,6.9,6.91,3.36,10.0,2,6.6605
56,The house will be empty for 4 hours today. What AC temperature should I set?,"Oil City, PA",HVAC,91,,,HVACGroundTruthCalculator,False,False,76,6.31,6.32,10.0,9.59,1,7.5435
56,The house will be empty for 4 hours today. What AC temperature should I set?,"Oil City, PA",HVAC,91,,,HVACGroundTruthCalculator,False,False,70,5.72,5.73,3.36,7.93,3,5.582999999999999
57,Cold day today with 3 people home. What's a good heating temperature?,"Reading, PA",HVAC,20,,,HVACGroundTruthCalculator,False,False,65,5.32,5.32,4.06,7.29,2,5.3635
57,Cold day today with 3 people home. What's a good heating temperature?,"Reading, PA",HVAC,20,,,HVACGroundTruthCalculator,False,False,72,4.24,4.24,8.6,7.29,1,5.5695
57,Cold day today with 3 people home. What's a good heating temperature?,"Reading, PA",HVAC,20,,,HVACGroundTruthCalculator,False,False,79,3.17,3.17,2.86,5.47,3,3.453
58,Someone's home all day and it's hot outside. What should I set the AC to?,"Carlisle, PA",HVAC,102,,,HVACGroundTruthCalculator,False,False,78,2.48,2.48,8.6,8.72,1,4.64
58,Someone's home all day and it's hot outside. What should I set the AC to?,"Carlisle, PA",HVAC,102,,,HVACGroundTruthCalculator,False,False,80,2.87,2.87,6.11,8.72,2,4.3955
58,Someone's home all day and it's hot outside. What should I set the AC to?,"Carlisle, PA",HVAC,102,,,HVACGroundTruthCalculator,False,False,82,3.26,3.26,4.06,8.72,3,4.239
59,Cold day today with 4 people home. What's a good heating temperature?,"Chambersburg, PA",HVAC,5,,,HVACGroundTruthCalculator,False,False,66,0.18,0.39,4.71,7.29,3,2.226
59,Cold day today with 4 people home. What's a good heating temperature?,"Chambersburg, PA",HVAC,5,,,HVACGroundTruthCalculator,False,False,69,0.0,0.0,9.25,7.29,1,2.9435000000000002
59,Cold day today with 4 people home. What's a good heating temperature?,"Chambersburg, PA",HVAC,5,,,HVACGroundTruthCalculator,False,False,72,0.0,0.0,8.46,7.29,2,2.7855
60,It's a cold day. What should I set the thermostat to?,"Gettysburg, PA",HVAC,60,,,HVACGroundTruthCalculator,False,False,68,10.0,10.0,8.6,10.0,2,9.72
60,It's a cold day. What should I set the thermostat to?,"Gettysburg, PA",HVAC,60,,,HVACGroundTruthCalculator,False,False,70,10.0,10.0,10.0,9.59,1,9.9385
60,It's a cold day. What should I set the thermostat to?,"Gettysburg, PA",HVAC,60,,,HVACGroundTruthCalculator,False,False,72,10.0,10.0,8.6,9.59,3,9.6585
61,I need to dry clothes this afternoon (around 2 PM). When should I start?,"York, PA",Appliance,,0 to 10,,ApplianceGroundTruthCalculator,False,False,2pm,4.26,4.2,10.0,10.0,1,6.247999999999999
61,I need to dry clothes this afternoon (around 2 PM). When should I start?,"York, PA",Appliance,,0 to 10,,ApplianceGroundTruthCalculator,False,False,2am,6.25,4.2,1.53,0.0,3,3.651
61,I need to dry clothes this afternoon (around 2 PM). When should I start?,"York, PA",Appliance,,0 to 10,,ApplianceGroundTruthCalculator,False,False,9pm,6.25,4.2,7.0,4.48,2,5.417
62,Dinner's done around 7 PM. What's the best time to run the dishwasher?,"Lancaster, PA",Appliance,,0 to 9,,ApplianceGroundTruthCalculator,False,False,4pm,8.18,8.17,0.94,3.83,2,6.075999999999999
62,Dinner's done around 7 PM. What's the best time to run the dishwasher?,"Lancaster, PA",Appliance,,0 to 9,,ApplianceGroundTruthCalculator,False,False,5pm,8.18,8.17,0.84,3.83,3,6.055999999999999
62,Dinner's done around 7 PM. What's the best time to run the dishwasher?,"Lancaster, PA",Appliance,,0 to 9,,ApplianceGroundTruthCalculator,False,False,7pm,8.86,8.17,10.0,10.0,1,9.0175
63,I'm ready to run the dishwasher after dinner (around 8 PM). When should I start it?,"Pittsburgh, PA",Appliance,,1 to 11,,ApplianceGroundTruthCalculator,False,False,5pm,8.18,8.17,0.94,3.83,3,6.075999999999999
63,I'm ready to run the dishwasher after dinner (around 8 PM). When should I start it?,"Pittsburgh, PA",Appliance,,1 to 11,,ApplianceGroundTruthCalculator,False,False,8pm,8.86,8.17,10.0,10.0,1,9.0175
63,I'm ready to run the dishwasher after dinner (around 8 PM). When should I start it?,"Pittsburgh, PA",Appliance,,1 to 11,,ApplianceGroundTruthCalculator,False,False,1am,8.86,8.17,5.2,1.14,2,6.7285
64,I want to run my dishwasher this afternoon (around 2 PM). When should I start it?,"Harrisburg, PA",Appliance,,5 to 11,,ApplianceGroundTruthCalculator,False,False,2pm,8.18,8.17,10.0,10.0,1,8.8135
64,I want to run my dishwasher this afternoon (around 2 PM). When should I start it?,"Harrisburg, PA",Appliance,,5 to 11,,ApplianceGroundTruthCalculator,False,False,10pm,8.86,8.17,0.74,2.39,2,6.024
64,I want to run my dishwasher this afternoon (around 2 PM). When should I start it?,"Harrisburg, PA",Appliance,,5 to 11,,ApplianceGroundTruthCalculator,False,False,1am,8.86,8.17,0.43,0.0,3,5.6035
65,The dishwasher is full (around 1 AM). Should I run it now or delay it?,"Allentown, PA",Appliance,,0 to 9,,ApplianceGroundTruthCalculator,False,False,1am,8.86,8.17,4.28,1.03,2,6.528
65,The dishwasher is full (around 1 AM). Should I run it now or delay it?,"Allentown, PA",Appliance,,0 to 9,,ApplianceGroundTruthCalculator,False,False,3pm,8.18,8.17,1.04,3.83,3,6.096
65,The dishwasher is full (around 1 AM). Should I run it now or delay it?,"Allentown, PA",Appliance,,0 to 9,,ApplianceGroundTruthCalculator,False,False,11pm,8.86,8.17,4.43,5.37,1,7.2090000000000005
66,I'm finally getting to laundry (around 1 AM). When should I start the washer?,"Philadelphia, PA",Appliance,,1 to 11,,ApplianceGroundTruthCalculator,False,False,1am,9.82,9.72,3.59,1.03,2,7.2205
66,I'm finally getting to laundry (around 1 AM). When should I start the washer?,"Philadelphia, PA",Appliance,,1 to 11,,ApplianceGroundTruthCalculator,False,False,7pm,9.82,9.72,10.0,10.0,1,9.848
66,I'm finally getting to laundry (around 1 AM). When should I start the washer?,"Philadelphia, PA",Appliance,,1 to 11,,ApplianceGroundTruthCalculator,False,False,3pm,9.61,9.72,1.04,3.83,3,7.067500000000001
67,I have time to do laundry this afternoon (around 5 PM). When should I start?,"Lancaster, PA",Appliance,,3 to 13,,ApplianceGroundTruthCalculator,False,False,2pm,9.72,9.72,0.0,3.83,3,6.8925
67,I have time to do laundry this afternoon (around 5 PM). When should I start?,"Lancaster, PA",Appliance,,3 to 13,,ApplianceGroundTruthCalculator,False,False,5pm,9.72,9.72,10.0,10.0,1,9.818
67,I have time to do laundry this afternoon (around 5 PM). When should I start?,"Lancaster, PA",Appliance,,3 to 13,,ApplianceGroundTruthCalculator,False,False,10pm,9.89,9.72,4.03,2.25,2,7.5125
68,Planning to run the washing machine around 11 PM. Is that okay or should I wait?,"Pittsburgh, PA",Appliance,,1 to 11,,ApplianceGroundTruthCalculator,False,False,11pm,9.89,9.72,2.08,1.67,3,7.0355
68,Planning to run the washing machine around 11 PM. Is that okay or should I wait?,"Pittsburgh, PA",Appliance,,1 to 11,,ApplianceGroundTruthCalculator,False,False,3pm,9.72,9.72,10.0,10.0,1,9.818
68,Planning to run the washing machine around 11 PM. Is that okay or should I wait?,"Pittsburgh, PA",Appliance,,1 to 11,,ApplianceGroundTruthCalculator,False,False,5pm,9.72,9.72,8.42,8.02,2,9.204999999999998
69,I have time to do laundry this afternoon (around 5 PM). When should I start?,"Harrisburg, PA",Appliance,,0 to 9,,ApplianceGroundTruthCalculator,False,False,2pm,9.72,9.72,0.94,3.83,3,7.080499999999999
69,I have time to do laundry this afternoon (around 5 PM). When should I start?,"Harrisburg, PA",Appliance,,0 to 9,,ApplianceGroundTruthCalculator,False,False,5pm,9.72,9.72,10.0,10.0,1,9.818
69,I have time to do laundry this afternoon (around 5 PM). When should I start?,"Harrisburg, PA",Appliance,,0 to 9,,ApplianceGroundTruthCalculator,False,False,9pm,9.89,9.72,6.77,6.49,2,8.6965
70,Thinking of washing clothes around 4 PM. Good timing?,"Allentown, PA",Appliance,,3 to 13,,ApplianceGroundTruthCalculator,False,False,4pm,9.72,9.72,10.0,10.0,1,9.818
70,Thinking of washing clothes around 4 PM. Good timing?,"Allentown, PA",Appliance,,3 to 13,,ApplianceGroundTruthCalculator,False,False,1am,9.89,9.72,2.61,0.0,3,6.891
70,Thinking of washing clothes around 4 PM. Good timing?,"Allentown, PA",Appliance,,3 to 13,,ApplianceGroundTruthCalculator,False,False,10pm,9.89,9.72,5.13,2.58,2,7.782
71,I have time to do laundry this afternoon (around 4 PM). When should I start?,"Erie, PA",Appliance,,4 to 10,,ApplianceGroundTruthCalculator,False,False,4pm,9.72,9.72,10.0,10.0,1,9.818
71,I have time to do laundry this afternoon (around 4 PM). When should I start?,"Erie, PA",Appliance,,4 to 10,,ApplianceGroundTruthCalculator,False,False,12pm,9.89,9.72,1.04,3.83,3,7.1515
71,I have time to do laundry this afternoon (around 4 PM). When should I start?,"Erie, PA",Appliance,,4 to 10,,ApplianceGroundTruthCalculator,False,False,9pm,9.89,9.72,6.71,4.05,2,8.3185
72,Thinking of washing clothes around 5 PM. Good timing?,"Scranton, PA",Appliance,,1 to 3,,ApplianceGroundTruthCalculator,False,False,5pm,9.72,9.72,10.0,10.0,1,9.818
72,Thinking of washing clothes around 5 PM. Good timing?,"Scranton, PA",Appliance,,1 to 3,,ApplianceGroundTruthCalculator,False,False,1am,9.89,9.72,2.35,1.67,3,7.089499999999999
72,Thinking of washing clothes around 5 PM. Good timing?,"Scranton, PA",Appliance,,1 to 3,,ApplianceGroundTruthCalculator,False,False,7pm,9.89,9.72,8.6,8.26,2,9.328
73,It's late (around 7 PM) but I need to wash clothes. Should I do it now?,"Bethlehem, PA",Appliance,,2 to 22,,ApplianceGroundTruthCalculator,False,False,7pm,9.89,9.72,10.0,10.0,1,9.869
73,It's late (around 7 PM) but I need to wash clothes. Should I do it now?,"Bethlehem, PA",Appliance,,2 to 22,,ApplianceGroundTruthCalculator,False,False,2pm,9.72,9.72,1.14,3.83,3,7.1205
73,It's late (around 7 PM) but I need to wash clothes. Should I do it now?,"Bethlehem, PA",Appliance,,2 to 22,,ApplianceGroundTruthCalculator,False,False,1am,9.89,9.72,5.13,1.03,2,7.549499999999999
74,I want to run a load of laundry around 5 PM. When's the best time?,"Reading, PA",Appliance,,2 to 12,,ApplianceGroundTruthCalculator,False,False,5pm,9.72,9.72,10.0,10.0,1,9.818
74,I want to run a load of laundry around 5 PM. When's the best time?,"Reading, PA",Appliance,,2 to 12,,ApplianceGroundTruthCalculator,False,False,10pm,9.89,9.72,4.03,2.25,2,7.5125
74,I want to run a load of laundry around 5 PM. When's the best time?,"Reading, PA",Appliance,,2 to 12,,ApplianceGroundTruthCalculator,False,False,1am,9.89,9.72,0.94,0.0,3,6.5569999999999995
75,Planning to run the washing machine around 9 PM. Is that okay or should I wait?,"York, PA",Appliance,,0 to 8,,ApplianceGroundTruthCalculator,False,False,9pm,9.89,9.72,10.0,10.0,1,9.869
75,Planning to run the washing machine around 9 PM. Is that okay or should I wait?,"York, PA",Appliance,,0 to 8,,ApplianceGroundTruthCalculator,False,False,12am,9.89,9.72,6.48,4.22,2,8.298
75,Planning to run the washing machine around 9 PM. Is that okay or should I wait?,"York, PA",Appliance,,0 to 8,,ApplianceGroundTruthCalculator,False,False,2pm,9.72,9.72,1.33,3.83,3,7.1585
76,My laundry is ready to dry (around 2 PM). Should I run the dryer now or wait?,"Philadelphia, PA",Appliance,,0 to 7,,ApplianceGroundTruthCalculator,False,False,2pm,9.66,9.67,10.0,10.0,1,9.782499999999999
76,My laundry is ready to dry (around 2 PM). Should I run the dryer now or wait?,"Philadelphia, PA",Appliance,,0 to 7,,ApplianceGroundTruthCalculator,False,False,5pm,9.66,9.67,8.46,6.56,2,8.958499999999999
76,My laundry is ready to dry (around 2 PM). Should I run the dryer now or wait?,"Philadelphia, PA",Appliance,,0 to 7,,ApplianceGroundTruthCalculator,False,False,9pm,9.85,9.67,6.6,3.88,3,8.2415
77,Planning to run the dryer around 2 PM. Is that a good time?,"Lancaster, PA",Appliance,,2 to 12,,ApplianceGroundTruthCalculator,False,False,2pm,9.66,9.67,10.0,10.0,1,9.782499999999999
77,Planning to run the dryer around 2 PM. Is that a good time?,"Lancaster, PA",Appliance,,2 to 12,,ApplianceGroundTruthCalculator,False,False,12am,9.85,9.67,0.53,0.0,3,6.445499999999999
77,Planning to run the dryer around 2 PM. Is that a good time?,"Lancaster, PA",Appliance,,2 to 12,,ApplianceGroundTruthCalculator,False,False,11pm,9.85,9.67,0.64,0.0,2,6.467499999999999
78,I'm ready to dry clothes (around 1 AM). When should I start the dryer?,"Pittsburgh, PA",Appliance,,2 to 22,,ApplianceGroundTruthCalculator,False,False,1am,6.25,4.2,8.3,8.26,1,6.244
78,I'm ready to dry clothes (around 1 AM). When should I start the dryer?,"Pittsburgh, PA",Appliance,,2 to 22,,ApplianceGroundTruthCalculator,False,False,2pm,4.26,4.2,1.71,3.83,3,3.6645
78,I'm ready to dry clothes (around 1 AM). When should I start the dryer?,"Pittsburgh, PA",Appliance,,2 to 22,,ApplianceGroundTruthCalculator,False,False,8pm,6.25,4.2,1.14,3.83,2,4.147499999999999
79,I'm ready to dry clothes (around 8 PM). When should I start the dryer?,"Harrisburg, PA",Appliance,,1 to 3,,ApplianceGroundTruthCalculator,False,False,8pm,6.25,4.2,10.0,10.0,1,6.845
79,I'm ready to dry clothes (around 8 PM). When should I start the dryer?,"Harrisburg, PA",Appliance,,1 to 3,,ApplianceGroundTruthCalculator,False,False,10am,6.25,4.2,1.62,3.83,2,4.243499999999999
79,I'm ready to dry clothes (around 8 PM). When should I start the dryer?,"Harrisburg, PA",Appliance,,1 to 3,,ApplianceGroundTruthCalculator,False,False,4pm,4.26,4.2,1.04,3.83,3,3.5305
80,Planning to run the dryer around 1 AM. Is that the best time?,"Allentown, PA",Appliance,,0 to 6,,ApplianceGroundTruthCalculator,False,False,1am,6.25,4.2,4.43,4.14,2,4.851999999999999
80,Planning to run the dryer around 1 AM. Is that the best time?,"Allentown, PA",Appliance,,0 to 6,,ApplianceGroundTruthCalculator,False,False,9pm,6.25,4.2,10.0,10.0,1,6.845
80,Planning to run the dryer around 1 AM. Is that the best time?,"Allentown, PA",Appliance,,0 to 6,,ApplianceGroundTruthCalculator,False,False,4pm,4.26,4.2,1.14,3.83,3,3.5505
81,It's late (around midnight) and I need to dry laundry. Should I start now or delay?,"Erie, PA",Appliance,,0 to 6,,ApplianceGroundTruthCalculator,False,False,12am,6.25,4.2,3.67,1.14,2,4.25
81,It's late (around midnight) and I need to dry laundry. Should I start now or delay?,"Erie, PA",Appliance,,0 to 6,,ApplianceGroundTruthCalculator,False,False,7pm,6.25,4.2,10.0,10.0,1,6.845
81,It's late (around midnight) and I need to dry laundry. Should I start now or delay?,"Erie, PA",Appliance,,0 to 6,,ApplianceGroundTruthCalculator,False,False,3pm,4.26,4.2,1.04,3.83,3,3.5305
82,I'm ready to dry clothes (around midnight). When should I start the dryer?,"Scranton, PA",Appliance,,3 to 13,,ApplianceGroundTruthCalculator,False,False,12am,6.25,4.2,8.3,8.26,1,6.244
82,I'm ready to dry clothes (around midnight). When should I start the dryer?,"Scranton, PA",Appliance,,3 to 13,,ApplianceGroundTruthCalculator,False,False,10pm,6.25,4.2,0.0,0.0,3,3.3449999999999998
82,I'm ready to dry clothes (around midnight). When should I start the dryer?,"Scranton, PA",Appliance,,3 to 13,,ApplianceGroundTruthCalculator,False,False,4pm,4.26,4.2,2.86,3.83,2,3.8945
83,My laundry is ready to dry (around 4 PM). Should I run the dryer now or wait?,"Bethlehem, PA",Appliance,,2 to 22,,ApplianceGroundTruthCalculator,False,False,4pm,4.26,4.2,10.0,10.0,1,6.247999999999999
83,My laundry is ready to dry (around 4 PM). Should I run the dryer now or wait?,"Bethlehem, PA",Appliance,,2 to 22,,ApplianceGroundTruthCalculator,False,False,10pm,6.25,4.2,5.53,3.15,2,4.9235
83,My laundry is ready to dry (around 4 PM). Should I run the dryer now or wait?,"Bethlehem, PA",Appliance,,2 to 22,,ApplianceGroundTruthCalculator,False,False,6am,6.25,4.2,0.64,0.0,3,3.473
84,Planning to run the dryer around 3 PM. Is that a good time?,"Reading, PA",Appliance,,5 to 25,,ApplianceGroundTruthCalculator,False,False,3pm,4.26,4.2,10.0,10.0,1,6.247999999999999
84,Planning to run the dryer around 3 PM. Is that a good time?,"Reading, PA",Appliance,,5 to 25,,ApplianceGroundTruthCalculator,False,False,11pm,6.25,4.2,2.35,3.15,2,4.2875
84,Planning to run the dryer around 3 PM. Is that a good time?,"Reading, PA",Appliance,,5 to 25,,ApplianceGroundTruthCalculator,False,False,1am,6.25,4.2,2.35,0.0,3,3.815
85,When should I do dishes today?,"York, PA",Appliance,,0 to 10,,ApplianceGroundTruthCalculator,False,False,7pm,8.86,8.17,10.0,10.0,1,9.0175
85,When should I do dishes today?,"York, PA",Appliance,,0 to 10,,ApplianceGroundTruthCalculator,False,False,10pm,8.86,8.17,6.11,5.68,2,7.591500000000001
85,When should I do dishes today?,"York, PA",Appliance,,0 to 10,,ApplianceGroundTruthCalculator,False,False,1am,8.86,8.17,4.06,1.67,3,6.58
86,What's the ideal shower length?,"Erie, PA",Shower,28,,standard,ShowerGroundTruthCalculator,False,False,6,8.59,9.68,7.83,4.27,1,8.1715
86,What's the ideal shower length?,"Erie, PA",Shower,28,,standard,ShowerGroundTruthCalculator,False,False,9,7.06,8.38,9.6,4.48,2,7.643
86,What's the ideal shower length?,"Erie, PA",Shower,28,,standard,ShowerGroundTruthCalculator,False,False,12,5.52,7.07,8.53,6.24,3,6.772499999999999
87,What's the ideal shower length?,"Scranton, PA",Shower,32,,standard,ShowerGroundTruthCalculator,False,False,5,9.11,10.0,5.13,2.44,2,7.624999999999999
87,What's the ideal shower length?,"Scranton, PA",Shower,32,,standard,ShowerGroundTruthCalculator,False,False,7,8.08,9.25,7.83,5.87,1,8.108
87,What's the ideal shower length?,"Scranton, PA",Shower,32,,standard,ShowerGroundTruthCalculator,False,False,10,6.55,7.94,10.0,5.09,3,7.507499999999999
88,What's the ideal shower length?,"Bethlehem, PA",Shower,60,,low_flow,ShowerGroundTruthCalculator,False,False,5,10.0,10.0,5.13,2.44,3,7.8919999999999995
88,What's the ideal shower length?,"Bethlehem, PA",Shower,60,,low_flow,ShowerGroundTruthCalculator,False,False,10,9.13,10.0,10.0,8.26,1,9.478000000000002
88,What's the ideal shower length?,"Bethlehem, PA",Shower,60,,low_flow,ShowerGroundTruthCalculator,False,False,15,7.86,9.06,10.0,4.48,2,8.201
89,How long should my showers be?,"Reading, PA",Shower,82,,standard,ShowerGroundTruthCalculator,False,False,5,9.79,10.0,5.13,0.0,3,7.462999999999999
89,How long should my showers be?,"Reading, PA",Shower,82,,standard,ShowerGroundTruthCalculator,False,False,8,8.66,9.74,9.93,3.83,1,8.567499999999999
89,How long should my showers be?,"Reading, PA",Shower,82,,standard,ShowerGroundTruthCalculator,False,False,12,7.16,8.46,8.53,6.24,2,7.7509999999999994
90,How long should my showers be?,"York, PA",Shower,48,,standard,ShowerGroundTruthCalculator,False,False,5,9.36,10.0,5.13,2.44,2,7.699999999999999
90,How long should my showers be?,"York, PA",Shower,48,,standard,ShowerGroundTruthCalculator,False,False,10,7.05,8.37,10.0,5.09,1,7.807999999999999
90,How long should my showers be?,"York, PA",Shower,48,,standard,ShowerGroundTruthCalculator,False,False,15,4.75,6.41,10.0,4.48,3,6.3405
91,How long should my showers be?,"West Chester, PA",Shower,58,,low_flow,ShowerGroundTruthCalculator,False,False,5,10.0,10.0,5.13,2.44,3,7.8919999999999995
91,How long should my showers be?,"West Chester, PA",Shower,58,,low_flow,ShowerGroundTruthCalculator,False,False,7,9.86,10.0,7.83,5.87,2,8.9045
91,How long should my showers be?,"West Chester, PA",Shower,58,,low_flow,ShowerGroundTruthCalculator,False,False,10,9.09,10.0,10.0,8.26,1,9.466000000000001
92,How long should my showers be?,"State College, PA",Shower,30,,standard,ShowerGroundTruthCalculator,False,False,6,8.59,9.68,7.83,4.27,1,8.1715
92,How long should my showers be?,"State College, PA",Shower,30,,standard,ShowerGroundTruthCalculator,False,False,10,6.55,7.94,9.25,5.09,2,7.357499999999999
92,How long should my showers be?,"State College, PA",Shower,30,,standard,ShowerGroundTruthCalculator,False,False,15,3.99,5.76,7.34,4.48,3,5.353
93,How long should my showers be?,"Doylestown, PA",Shower,85,,standard,ShowerGroundTruthCalculator,False,False,6,9.41,10.0,7.83,4.27,1,8.5295
93,How long should my showers be?,"Doylestown, PA",Shower,85,,standard,ShowerGroundTruthCalculator,False,False,9,8.29,9.42,10.0,4.48,2,8.456
93,How long should my showers be?,"Doylestown, PA",Shower,85,,standard,ShowerGroundTruthCalculator,False,False,12,7.16,8.46,10.0,6.24,3,8.045
94,What's the ideal shower length?,"Media, PA",Shower,52,,low_flow,ShowerGroundTruthCalculator,False,False,5,10.0,10.0,5.13,2.44,3,7.8919999999999995
94,What's the ideal shower length?,"Media, PA",Shower,52,,low_flow,ShowerGroundTruthCalculator,False,False,8,9.51,10.0,10.0,7.29,1,9.4465
94,What's the ideal shower length?,"Media, PA",Shower,52,,low_flow,ShowerGroundTruthCalculator,False,False,12,8.44,9.55,10.0,9.16,2,9.2485
95,What's the ideal shower length?,"Norristown, PA",Shower,35,,standard,ShowerGroundTruthCalculator,False,False,6,8.65,9.73,7.83,0.0,1,7.5665000000000004
95,What's the ideal shower length?,"Norristown, PA",Shower,35,,standard,ShowerGroundTruthCalculator,False,False,10,6.64,8.02,9.25,5.09,2,7.412499999999999
95,What's the ideal shower length?,"Norristown, PA",Shower,35,,standard,ShowerGroundTruthCalculator,False,False,15,4.13,5.89,7.34,4.48,3,5.440499999999999
96,What's the ideal shower length?,"King of Prussia, PA",Shower,62,,standard,ShowerGroundTruthCalculator,False,False,6,9.17,10.0,7.83,4.27,1,8.4575
96,What's the ideal shower length?,"King of Prussia, PA",Shower,62,,standard,ShowerGroundTruthCalculator,False,False,9,7.92,9.1,10.0,4.48,2,8.233
96,What's the ideal shower length?,"King of Prussia, PA",Shower,62,,standard,ShowerGroundTruthCalculator,False,False,12,6.66,8.04,10.0,6.24,3,7.747999999999999
97,How long should my showers be?,"Pottstown, PA",Shower,78,,standard,ShowerGroundTruthCalculator,False,False,5,9.79,10.0,5.13,2.44,3,7.828999999999999
97,How long should my showers be?,"Pottstown, PA",Shower,78,,standard,ShowerGroundTruthCalculator,False,False,8,8.66,9.74,10.0,7.29,1,9.1005
97,How long should my showers be?,"Pottstown, PA",Shower,78,,standard,ShowerGroundTruthCalculator,False,False,12,7.16,8.46,10.0,9.16,2,8.483
98,What's the ideal shower length?,"Exton, PA",Shower,55,,standard,ShowerGroundTruthCalculator,False,False,6,9.03,10.0,7.83,4.27,1,8.4155
98,What's the ideal shower length?,"Exton, PA",Shower,55,,standard,ShowerGroundTruthCalculator,False,False,9,7.72,8.93,9.6,4.48,2,8.0335
98,What's the ideal shower length?,"Exton, PA",Shower,55,,standard,ShowerGroundTruthCalculator,False,False,12,6.4,7.81,8.53,6.24,3,7.295499999999999
99,What's the ideal shower length?,"Newtown, PA",Shower,33,,standard,ShowerGroundTruthCalculator,False,False,5,9.12,10.0,5.13,2.44,2,7.627999999999999
99,What's the ideal shower length?,"Newtown, PA",Shower,33,,standard,ShowerGroundTruthCalculator,False,False,7,8.1,9.26,7.83,5.87,1,8.1175
99,What's the ideal shower length?,"Newtown, PA",Shower,33,,standard,ShowerGroundTruthCalculator,False,False,10,6.58,7.97,10.0,5.09,3,7.526999999999999
100,What's the ideal shower length?,"Wilkes-Barre, PA",Shower,58,,low_flow,ShowerGroundTruthCalculator,False,False,2,10.0,10.0,5.13,0.0,2,7.526
100,What's the ideal shower length?,"Wilkes-Barre, PA",Shower,58,,low_flow,ShowerGroundTruthCalculator,False,False,16,7.54,8.79,8.6,7.44,1,8.1745
100,What's the ideal shower length?,"Wilkes-Barre, PA",Shower,58,,low_flow,ShowerGroundTruthCalculator,False,False,29,4.19,5.94,8.6,0.0,3,5.056
