scenario_id,decision_type,question,location,outdoor_temp,alternative,energy_cost,environmental,comfort,practicality,rank,weighted_score
1,HVAC,Cold day today with 2 people home. What's a good heating temperature?,"Bethlehem, PA",26,67,5.0,6.0,7.0,8.0,3,6.2
1,HVAC,Cold day today with 2 people home. What's a good heating temperature?,"Bethlehem, PA",26,70,7.0,6.0,5.0,8.0,2,6.3999999999999995
1,HVAC,Cold day today with 2 people home. What's a good heating temperature?,"Bethlehem, PA",26,73,7.0,6.0,8.0,9.0,1,7.149999999999999
2,HVAC,It's hot today and we're home as usual. What temperature should I set the AC to?,"Doylestown, PA",91,72,6.0,6.0,8.0,7.0,3,6.55
2,HVAC,It's hot today and we're home as usual. What temperature should I set the AC to?,"Doylestown, PA",91,75,6.0,6.0,8.0,7.0,2,6.55
2,HVAC,It's hot today and we're home as usual. What temperature should I set the AC to?,"Doylestown, PA",91,79,6.0,6.0,8.0,7.0,1,6.55
3,HVAC,It's cold outside and we're home as usual. What should I set the heat to?,"Doylestown, PA",19,68,7.0,6.0,8.0,9.0,2,7.149999999999999
3,HVAC,It's cold outside and we're home as usual. What should I set the heat to?,"Doylestown, PA",19,71,6.0,7.0,8.0,9.0,1,7.199999999999999
3,HVAC,It's cold outside and we're home as usual. What should I set the heat to?,"Doylestown, PA",19,74,5.0,5.0,5.0,5.0,3,5.0
4,HVAC,Someone's home all day and it's hot outside. What should I set the AC to?,"Media, PA",87,75,4.0,5.0,7.0,6.0,2,5.25
4,HVAC,Someone's home all day and it's hot outside. What should I set the AC to?,"Media, PA",87,78,5.0,6.0,8.0,7.0,1,6.249999999999999
4,HVAC,Someone's home all day and it's hot outside. What should I set the AC to?,"Media, PA",87,81,3.0,4.0,7.0,6.0,3,4.6
5,HVAC,Someone's home all day and it's cold. What heating temperature should I use?,"Media, PA",23,67,5.0,6.0,7.0,8.0,3,6.2
5,HVAC,Someone's home all day and it's cold. What heating temperature should I use?,"Media, PA",23,70,5.0,6.0,8.0,7.0,1,6.249999999999999
5,HVAC,Someone's home all day and it's cold. What heating temperature should I use?,"Media, PA",23,73,6.0,5.0,8.0,7.0,2,6.2
6,HVAC,We're all out for 8 hours in the heat. What AC setting makes sense?,"Allentown, PA",90,76,5.0,6.0,4.0,7.0,2,5.449999999999999
6,HVAC,We're all out for 8 hours in the heat. What AC setting makes sense?,"Allentown, PA",90,79,6.0,6.0,5.0,7.0,1,5.949999999999999
6,HVAC,We're all out for 8 hours in the heat. What AC setting makes sense?,"Allentown, PA",90,82,5.0,5.0,5.0,5.0,3,5.0
7,HVAC,We're all out for 8 hours in cold weather. What heating temperature is best?,"Allentown, PA",21,66,7.0,7.0,5.0,8.0,1,6.75
7,HVAC,We're all out for 8 hours in cold weather. What heating temperature is best?,"Allentown, PA",21,69,2.0,2.0,1.0,3.0,3,1.9499999999999997
7,HVAC,We're all out for 8 hours in cold weather. What heating temperature is best?,"Allentown, PA",21,72,6.0,7.0,5.0,8.0,2,6.45
8,HVAC,The house will be empty for 12 hours today. What AC temperature should I set?,"Harrisburg, PA",94,76,3.0,4.0,2.0,6.0,3,3.5999999999999996
8,HVAC,The house will be empty for 12 hours today. What AC temperature should I set?,"Harrisburg, PA",94,79,4.0,5.0,7.0,8.0,2,5.550000000000001
8,HVAC,The house will be empty for 12 hours today. What AC temperature should I set?,"Harrisburg, PA",94,82,7.0,6.0,4.0,8.0,1,6.199999999999999
9,HVAC,The house will be empty for 12 hours today. What heat setting should I use?,"Harrisburg, PA",17,66,7.0,6.0,4.0,8.0,2,6.199999999999999
9,HVAC,The house will be empty for 12 hours today. What heat setting should I use?,"Harrisburg, PA",17,69,3.0,4.0,2.0,5.0,3,3.4499999999999997
9,HVAC,The house will be empty for 12 hours today. What heat setting should I use?,"Harrisburg, PA",17,72,7.0,6.0,5.0,8.0,1,6.3999999999999995
10,HVAC,I'm working from home today and it's hot. What AC temperature should I use?,"Blue Bell, PA",88,73,6.0,5.0,8.0,7.0,1,6.2
10,HVAC,I'm working from home today and it's hot. What AC temperature should I use?,"Blue Bell, PA",88,76,4.0,5.0,7.0,8.0,2,5.550000000000001
10,HVAC,I'm working from home today and it's hot. What AC temperature should I use?,"Blue Bell, PA",88,79,4.0,5.0,7.0,6.0,3,5.25
11,HVAC,I'm working from home and it's cold outside. What should I set the heat to?,"Blue Bell, PA",22,68,7.0,6.0,8.0,9.0,3,7.149999999999999
11,HVAC,I'm working from home and it's cold outside. What should I set the heat to?,"Blue Bell, PA",22,71,7.0,6.0,8.0,9.0,2,7.149999999999999
11,HVAC,I'm working from home and it's cold outside. What should I set the heat to?,"Blue Bell, PA",22,74,6.0,7.0,8.0,9.0,1,7.199999999999999
12,HVAC,The house will be empty for 4 hours today. What AC temperature should I set?,"York, PA",92,78,4.0,4.0,6.0,7.0,3,4.85
12,HVAC,The house will be empty for 4 hours today. What AC temperature should I set?,"York, PA",92,81,3.0,4.0,7.0,8.0,2,4.9
12,HVAC,The house will be empty for 4 hours today. What AC temperature should I set?,"York, PA",92,84,5.0,5.0,3.0,7.0,1,4.9
13,HVAC,The house will be empty for 4 hours today. What heat setting should I use?,"York, PA",20,65,7.0,6.0,4.0,8.0,2,6.199999999999999
13,HVAC,The house will be empty for 4 hours today. What heat setting should I use?,"York, PA",20,68,7.0,6.0,5.0,8.0,1,6.3999999999999995
13,HVAC,The house will be empty for 4 hours today. What heat setting should I use?,"York, PA",20,71,4.0,5.0,7.0,8.0,3,5.550000000000001
14,HVAC,I'll be home all day working and it's hot outside. What AC temperature makes sense?,"Phoenixville, PA",89,76,6.0,5.0,8.0,7.0,1,6.2
14,HVAC,I'll be home all day working and it's hot outside. What AC temperature makes sense?,"Phoenixville, PA",89,79,4.0,5.0,7.0,6.0,3,5.25
14,HVAC,I'll be home all day working and it's hot outside. What AC temperature makes sense?,"Phoenixville, PA",89,82,4.0,5.0,7.0,6.0,2,5.25
15,HVAC,I'll be home all day and it's cold. What temperature should I set the thermostat to?,"Phoenixville, PA",24,66,3.0,4.0,7.0,5.0,2,4.45
15,HVAC,I'll be home all day and it's cold. What temperature should I set the thermostat to?,"Phoenixville, PA",24,69,2.0,3.0,8.0,5.0,3,4.0
15,HVAC,I'll be home all day and it's cold. What temperature should I set the thermostat to?,"Phoenixville, PA",24,72,6.0,5.0,8.0,7.0,1,6.2
16,HVAC,No one's home for 8 hours and it's hot. What should I set the AC to?,"Scranton, PA",84,75,6.0,7.0,4.0,8.0,1,6.25
16,HVAC,No one's home for 8 hours and it's hot. What should I set the AC to?,"Scranton, PA",84,78,7.0,6.0,4.0,8.0,3,6.199999999999999
16,HVAC,No one's home for 8 hours and it's hot. What should I set the AC to?,"Scranton, PA",84,81,7.0,6.0,4.0,8.0,2,6.199999999999999
17,HVAC,No one's home for 8 hours and it's cold. What should I set the heat to?,"Scranton, PA",16,66,7.0,6.0,4.0,8.0,3,6.199999999999999
17,HVAC,No one's home for 8 hours and it's cold. What should I set the heat to?,"Scranton, PA",16,69,7.0,7.0,4.0,8.0,2,6.55
17,HVAC,No one's home for 8 hours and it's cold. What should I set the heat to?,"Scranton, PA",16,72,7.0,7.0,5.0,8.0,1,6.75
18,HVAC,We're all out for 8 hours in the heat. What AC setting makes sense?,"Norristown, PA",91,78,4.0,4.0,6.0,7.0,3,4.85
18,HVAC,We're all out for 8 hours in the heat. What AC setting makes sense?,"Norristown, PA",91,81,5.0,5.0,3.0,7.0,2,4.9
18,HVAC,We're all out for 8 hours in the heat. What AC setting makes sense?,"Norristown, PA",91,84,5.0,4.0,7.0,6.0,1,5.199999999999999
19,HVAC,We're all out for 8 hours in cold weather. What heating temperature is best?,"Norristown, PA",19,65,4.0,5.0,7.0,6.0,3,5.25
19,HVAC,We're all out for 8 hours in cold weather. What heating temperature is best?,"Norristown, PA",19,68,7.0,6.0,8.0,9.0,1,7.149999999999999
19,HVAC,We're all out for 8 hours in cold weather. What heating temperature is best?,"Norristown, PA",19,71,4.0,5.0,7.0,6.0,2,5.25
20,HVAC,It's hot today and we're home as usual. What temperature should I set the AC to?,"Lower Merion, PA",90,71,7.0,6.0,8.0,9.0,1,7.149999999999999
20,HVAC,It's hot today and we're home as usual. What temperature should I set the AC to?,"Lower Merion, PA",90,75,4.0,5.0,7.0,8.0,3,5.550000000000001
20,HVAC,It's hot today and we're home as usual. What temperature should I set the AC to?,"Lower Merion, PA",90,79,5.0,5.0,7.0,8.0,2,5.8500000000000005
21,HVAC,It's cold outside and we're home as usual. What should I set the heat to?,"Lower Merion, PA",23,68,7.0,6.0,8.0,9.0,3,7.149999999999999
21,HVAC,It's cold outside and we're home as usual. What should I set the heat to?,"Lower Merion, PA",23,71,7.0,6.0,8.0,9.0,2,7.149999999999999
21,HVAC,It's cold outside and we're home as usual. What should I set the heat to?,"Lower Merion, PA",23,74,6.0,7.0,8.0,9.0,1,7.199999999999999
22,HVAC,The house is unoccupied for 4 hours today. What's the best AC temperature?,"King of Prussia, PA",93,75,5.0,5.0,5.0,5.0,3,5.0
22,HVAC,The house is unoccupied for 4 hours today. What's the best AC temperature?,"King of Prussia, PA",93,78,6.0,5.0,7.0,8.0,2,6.15
22,HVAC,The house is unoccupied for 4 hours today. What's the best AC temperature?,"King of Prussia, PA",93,81,6.0,7.0,4.0,8.0,1,6.25
23,HVAC,The house is unoccupied for 4 hours. What should I set the thermostat to?,"King of Prussia, PA",18,66,7.0,6.0,5.0,8.0,2,6.3999999999999995
23,HVAC,The house is unoccupied for 4 hours. What should I set the thermostat to?,"King of Prussia, PA",18,69,6.0,7.0,4.0,8.0,3,6.25
23,HVAC,The house is unoccupied for 4 hours. What should I set the thermostat to?,"King of Prussia, PA",18,72,7.0,7.0,6.0,8.0,1,6.95
24,HVAC,It's hot today and we're home as usual. What temperature should I set the AC to?,"Pottstown, PA",88,76,5.0,5.0,7.0,8.0,1,5.8500000000000005
24,HVAC,It's hot today and we're home as usual. What temperature should I set the AC to?,"Pottstown, PA",88,79,4.0,5.0,7.0,6.0,3,5.25
24,HVAC,It's hot today and we're home as usual. What temperature should I set the AC to?,"Pottstown, PA",88,82,4.0,5.0,7.0,8.0,2,5.550000000000001
25,HVAC,It's cold outside and we're home as usual. What should I set the heat to?,"Pottstown, PA",21,66,4.0,5.0,7.0,8.0,2,5.550000000000001
25,HVAC,It's cold outside and we're home as usual. What should I set the heat to?,"Pottstown, PA",21,69,3.0,4.0,2.0,5.0,3,3.4499999999999997
25,HVAC,It's cold outside and we're home as usual. What should I set the heat to?,"Pottstown, PA",21,72,7.0,6.0,8.0,9.0,1,7.149999999999999
26,HVAC,It's hot today and everyone's home. What temperature makes sense for the AC?,"Exton, PA",91,73,6.0,5.0,7.0,8.0,1,6.15
26,HVAC,It's hot today and everyone's home. What temperature makes sense for the AC?,"Exton, PA",91,76,4.0,5.0,7.0,6.0,3,5.25
26,HVAC,It's hot today and everyone's home. What temperature makes sense for the AC?,"Exton, PA",91,79,4.0,5.0,7.0,6.0,2,5.25
27,HVAC,It's cold today and everyone's home. What heating temperature should I use?,"Exton, PA",20,67,4.0,5.0,7.0,6.0,3,5.25
27,HVAC,It's cold today and everyone's home. What heating temperature should I use?,"Exton, PA",20,70,6.0,5.0,8.0,7.0,1,6.2
27,HVAC,It's cold today and everyone's home. What heating temperature should I use?,"Exton, PA",20,73,4.0,5.0,7.0,6.0,2,5.25
28,HVAC,"With 2 people home on a hot day, what's the best AC setting?","Reading, PA",92,78,4.0,4.0,7.0,6.0,3,4.9
28,HVAC,"With 2 people home on a hot day, what's the best AC setting?","Reading, PA",92,81,5.0,5.0,7.0,8.0,2,5.8500000000000005
28,HVAC,"With 2 people home on a hot day, what's the best AC setting?","Reading, PA",92,84,5.0,5.0,7.0,8.0,1,5.8500000000000005
29,HVAC,Cold day today with 2 people home. What's a good heating temperature?,"Reading, PA",22,65,7.0,6.0,5.0,8.0,2,6.3999999999999995
29,HVAC,Cold day today with 2 people home. What's a good heating temperature?,"Reading, PA",22,68,7.0,6.0,5.0,8.0,1,6.3999999999999995
29,HVAC,Cold day today with 2 people home. What's a good heating temperature?,"Reading, PA",22,71,5.0,5.0,6.0,7.0,3,5.5
30,HVAC,It's a hot day. What should I set my air conditioning to?,"Newtown, PA",89,74,6.0,5.0,8.0,7.0,3,6.2
30,HVAC,It's a hot day. What should I set my air conditioning to?,"Newtown, PA",89,77,6.0,5.0,8.0,7.0,2,6.2
30,HVAC,It's a hot day. What should I set my air conditioning to?,"Newtown, PA",89,80,5.0,6.0,7.0,8.0,1,6.2
31,HVAC,It's a cold day. What should I set the thermostat to?,"Newtown, PA",24,67,3.0,4.0,8.0,7.0,3,4.95
31,HVAC,It's a cold day. What should I set the thermostat to?,"Newtown, PA",24,70,4.0,5.0,8.0,7.0,2,5.6000000000000005
31,HVAC,It's a cold day. What should I set the thermostat to?,"Newtown, PA",24,73,7.0,6.0,8.0,9.0,1,7.149999999999999
32,HVAC,It's hot today and we're home as usual. What temperature should I set the AC to?,"Wilkes-Barre, PA",87,75,6.0,6.0,7.0,8.0,2,6.5
32,HVAC,It's hot today and we're home as usual. What temperature should I set the AC to?,"Wilkes-Barre, PA",87,78,6.0,6.0,7.0,8.0,1,6.5
32,HVAC,It's hot today and we're home as usual. What temperature should I set the AC to?,"Wilkes-Barre, PA",87,81,4.0,5.0,7.0,8.0,3,5.550000000000001
33,HVAC,It's cold outside and we're home as usual. What should I set the heat to?,"Wilkes-Barre, PA",19,66,5.0,6.0,7.0,8.0,2,6.2
33,HVAC,It's cold outside and we're home as usual. What should I set the heat to?,"Wilkes-Barre, PA",19,69,3.0,4.0,8.0,7.0,3,4.95
33,HVAC,It's cold outside and we're home as usual. What should I set the heat to?,"Wilkes-Barre, PA",19,72,7.0,6.0,8.0,9.0,1,7.149999999999999
34,HVAC,"With 2 people home on a hot day, what's the best AC setting?","Carlisle, PA",90,78,6.0,5.0,7.0,8.0,1,6.15
34,HVAC,"With 2 people home on a hot day, what's the best AC setting?","Carlisle, PA",90,81,4.0,5.0,7.0,6.0,3,5.25
34,HVAC,"With 2 people home on a hot day, what's the best AC setting?","Carlisle, PA",90,84,4.0,5.0,7.0,6.0,2,5.25
35,HVAC,Cold day today with 2 people home. What's a good heating temperature?,"Carlisle, PA",23,65,7.0,6.0,8.0,9.0,2,7.149999999999999
35,HVAC,Cold day today with 2 people home. What's a good heating temperature?,"Carlisle, PA",23,68,7.0,6.0,8.0,9.0,1,7.149999999999999
35,HVAC,Cold day today with 2 people home. What's a good heating temperature?,"Carlisle, PA",23,71,6.0,5.0,7.0,8.0,3,6.15
36,HVAC,It's hot today and everyone's home. What temperature makes sense for the AC?,"Lebanon, PA",91,76,4.0,5.0,7.0,6.0,3,5.25
36,HVAC,It's hot today and everyone's home. What temperature makes sense for the AC?,"Lebanon, PA",91,79,4.0,5.0,7.0,6.0,2,5.25
36,HVAC,It's hot today and everyone's home. What temperature makes sense for the AC?,"Lebanon, PA",91,82,6.0,5.0,8.0,7.0,1,6.2
37,HVAC,It's cold today and everyone's home. What heating temperature should I use?,"Lebanon, PA",21,66,4.0,5.0,7.0,8.0,2,5.550000000000001
37,HVAC,It's cold today and everyone's home. What heating temperature should I use?,"Lebanon, PA",21,69,2.0,3.0,6.0,5.0,3,3.6
37,HVAC,It's cold today and everyone's home. What heating temperature should I use?,"Lebanon, PA",21,72,7.0,6.0,8.0,9.0,1,7.149999999999999
38,HVAC,It's a hot day. What should I set my air conditioning to?,"Gettysburg, PA",88,74,6.0,6.0,7.0,8.0,3,6.5
38,HVAC,It's a hot day. What should I set my air conditioning to?,"Gettysburg, PA",88,77,6.0,7.0,8.0,9.0,2,7.199999999999999
38,HVAC,It's a hot day. What should I set my air conditioning to?,"Gettysburg, PA",88,80,6.0,7.0,8.0,9.0,1,7.199999999999999
39,HVAC,It's a cold day. What should I set the thermostat to?,"Gettysburg, PA",20,67,3.0,4.0,7.0,6.0,2,4.6
39,HVAC,It's a cold day. What should I set the thermostat to?,"Gettysburg, PA",20,70,2.0,2.0,10.0,5.0,3,4.05
39,HVAC,It's a cold day. What should I set the thermostat to?,"Gettysburg, PA",20,73,6.0,7.0,8.0,9.0,1,7.199999999999999
40,HVAC,What temperature should I set the AC to overnight?,"Chambersburg, PA",92,75,6.0,6.0,7.0,8.0,1,6.5
40,HVAC,What temperature should I set the AC to overnight?,"Chambersburg, PA",92,78,4.0,5.0,7.0,6.0,3,5.25
40,HVAC,What temperature should I set the AC to overnight?,"Chambersburg, PA",92,81,6.0,7.0,5.0,8.0,2,6.45
41,HVAC,What temperature should I set the heat to overnight?,"Chambersburg, PA",18,67,6.0,7.0,5.0,8.0,3,6.45
41,HVAC,What temperature should I set the heat to overnight?,"Chambersburg, PA",18,70,6.0,7.0,5.0,8.0,2,6.45
41,HVAC,What temperature should I set the heat to overnight?,"Chambersburg, PA",18,73,6.0,6.0,7.0,8.0,1,6.5
42,HVAC,It's hot today and everyone's home. What temperature makes sense for the AC?,"Altoona, PA",85,76,5.0,5.0,7.0,6.0,2,5.550000000000001
42,HVAC,It's hot today and everyone's home. What temperature makes sense for the AC?,"Altoona, PA",85,79,6.0,5.0,7.0,8.0,1,6.15
42,HVAC,It's hot today and everyone's home. What temperature makes sense for the AC?,"Altoona, PA",85,82,4.0,5.0,7.0,6.0,3,5.25
43,HVAC,It's cold today and everyone's home. What heating temperature should I use?,"Altoona, PA",17,66,3.0,4.0,7.0,6.0,2,4.6
43,HVAC,It's cold today and everyone's home. What heating temperature should I use?,"Altoona, PA",17,69,3.0,3.0,8.0,5.0,3,4.3
43,HVAC,It's cold today and everyone's home. What heating temperature should I use?,"Altoona, PA",17,72,6.0,5.0,8.0,7.0,1,6.2
44,HVAC,I'm setting the thermostat for bedtime. What AC temperature is best for sleeping?,"Stroudsburg, PA",89,76,4.0,4.0,7.0,6.0,3,4.9
44,HVAC,I'm setting the thermostat for bedtime. What AC temperature is best for sleeping?,"Stroudsburg, PA",89,79,6.0,6.0,7.0,8.0,2,6.5
44,HVAC,I'm setting the thermostat for bedtime. What AC temperature is best for sleeping?,"Stroudsburg, PA",89,82,6.0,6.0,7.0,8.0,1,6.5
45,HVAC,I'm setting the thermostat for bedtime. What heating temperature is best for sleeping?,"Stroudsburg, PA",21,66,7.0,6.0,8.0,9.0,2,7.149999999999999
45,HVAC,I'm setting the thermostat for bedtime. What heating temperature is best for sleeping?,"Stroudsburg, PA",21,69,2.0,2.0,6.0,3.0,3,2.95
45,HVAC,I'm setting the thermostat for bedtime. What heating temperature is best for sleeping?,"Stroudsburg, PA",21,72,6.0,7.0,8.0,9.0,1,7.199999999999999
46,HVAC,"With people home all day in the heat, what's the best AC setting?","Hazleton, PA",98,78,4.0,4.0,7.0,6.0,2,4.9
46,HVAC,"With people home all day in the heat, what's the best AC setting?","Hazleton, PA",98,80,3.0,3.0,7.0,6.0,3,4.25
46,HVAC,"With people home all day in the heat, what's the best AC setting?","Hazleton, PA",98,82,5.0,6.0,7.0,8.0,1,6.2
47,HVAC,It's hot today and we're home as usual. What temperature should I set the AC to?,"Monroeville, PA",92,76,4.0,5.0,7.0,8.0,3,5.550000000000001
47,HVAC,It's hot today and we're home as usual. What temperature should I set the AC to?,"Monroeville, PA",92,78,6.0,6.0,8.0,7.0,1,6.55
47,HVAC,It's hot today and we're home as usual. What temperature should I set the AC to?,"Monroeville, PA",92,80,4.0,5.0,7.0,8.0,2,5.550000000000001
48,HVAC,I'll be home all day working and it's hot outside. What AC temperature makes sense?,"New Castle, PA",97,79,4.0,5.0,8.0,7.0,1,5.6000000000000005
48,HVAC,I'll be home all day working and it's hot outside. What AC temperature makes sense?,"New Castle, PA",97,81,4.0,4.0,7.0,6.0,3,4.9
48,HVAC,I'll be home all day working and it's hot outside. What AC temperature makes sense?,"New Castle, PA",97,83,4.0,4.0,7.0,6.0,2,4.9
49,HVAC,It's hot today and we're home as usual. What temperature should I set the AC to?,"Butler, PA",88,72,7.0,6.0,8.0,9.0,1,7.149999999999999
49,HVAC,It's hot today and we're home as usual. What temperature should I set the AC to?,"Butler, PA",88,75,6.0,6.0,7.0,8.0,2,6.5
49,HVAC,It's hot today and we're home as usual. What temperature should I set the AC to?,"Butler, PA",88,78,5.0,6.0,7.0,8.0,3,6.2
50,HVAC,The house will be empty for 4 hours today. What AC temperature should I set?,"Coatesville, PA",91,77,6.0,5.0,7.0,8.0,2,6.15
50,HVAC,The house will be empty for 4 hours today. What AC temperature should I set?,"Coatesville, PA",91,79,6.0,6.0,7.0,8.0,1,6.5
50,HVAC,The house will be empty for 4 hours today. What AC temperature should I set?,"Coatesville, PA",91,81,3.0,4.0,7.0,8.0,3,4.9
51,HVAC,It's a hot day. What should I set my air conditioning to?,"Uniontown, PA",95,78,6.0,5.0,8.0,7.0,1,6.2
51,HVAC,It's a hot day. What should I set my air conditioning to?,"Uniontown, PA",95,80,4.0,4.0,7.0,6.0,3,4.9
51,HVAC,It's a hot day. What should I set my air conditioning to?,"Uniontown, PA",95,82,5.0,5.0,5.0,5.0,2,5.0
52,HVAC,Cold day today with 3 people home. What's a good heating temperature?,"Indiana, PA",18,65,7.0,6.0,8.0,9.0,2,7.149999999999999
52,HVAC,Cold day today with 3 people home. What's a good heating temperature?,"Indiana, PA",18,68,7.0,6.0,8.0,9.0,1,7.149999999999999
52,HVAC,Cold day today with 3 people home. What's a good heating temperature?,"Indiana, PA",18,71,6.0,7.0,5.0,8.0,3,6.45
53,HVAC,It's a hot day. What should I set my air conditioning to?,"Meadville, PA",90,73,6.0,5.0,8.0,7.0,3,6.2
53,HVAC,It's a hot day. What should I set my air conditioning to?,"Meadville, PA",90,76,5.0,6.0,8.0,7.0,1,6.249999999999999
53,HVAC,It's a hot day. What should I set my air conditioning to?,"Meadville, PA",90,79,6.0,5.0,8.0,7.0,2,6.2
54,HVAC,I'll be home all day working and it's hot outside. What AC temperature makes sense?,"Greensburg, PA",93,79,4.0,4.0,7.0,6.0,2,4.9
54,HVAC,I'll be home all day working and it's hot outside. What AC temperature makes sense?,"Greensburg, PA",93,81,3.0,4.0,7.0,6.0,3,4.6
54,HVAC,I'll be home all day working and it's hot outside. What AC temperature makes sense?,"Greensburg, PA",93,83,5.0,4.0,7.0,6.0,1,5.199999999999999
55,HVAC,It's a hot day. What should I set my air conditioning to?,"DuBois, PA",89,76,4.0,5.0,7.0,8.0,3,5.550000000000001
55,HVAC,It's a hot day. What should I set my air conditioning to?,"DuBois, PA",89,77,5.0,6.0,7.0,8.0,2,6.2
55,HVAC,It's a hot day. What should I set my air conditioning to?,"DuBois, PA",89,78,6.0,6.0,8.0,7.0,1,6.55
56,HVAC,The house will be empty for 4 hours today. What AC temperature should I set?,"Oil City, PA",91,82,6.0,7.0,5.0,8.0,1,6.45
56,HVAC,The house will be empty for 4 hours today. What AC temperature should I set?,"Oil City, PA",91,76,4.0,5.0,6.0,7.0,2,5.2
56,HVAC,The house will be empty for 4 hours today. What AC temperature should I set?,"Oil City, PA",91,70,5.0,5.0,5.0,5.0,3,5.0
57,HVAC,Cold day today with 3 people home. What's a good heating temperature?,"Reading, PA",20,65,7.0,6.0,5.0,8.0,1,6.3999999999999995
57,HVAC,Cold day today with 3 people home. What's a good heating temperature?,"Reading, PA",20,72,5.0,6.0,7.0,8.0,3,6.2
57,HVAC,Cold day today with 3 people home. What's a good heating temperature?,"Reading, PA",20,79,5.0,6.0,7.0,8.0,2,6.2
58,HVAC,Someone's home all day and it's hot outside. What should I set the AC to?,"Carlisle, PA",102,78,4.0,5.0,7.0,6.0,1,5.25
58,HVAC,Someone's home all day and it's hot outside. What should I set the AC to?,"Carlisle, PA",102,80,3.0,4.0,8.0,7.0,2,4.95
58,HVAC,Someone's home all day and it's hot outside. What should I set the AC to?,"Carlisle, PA",102,82,3.0,4.0,7.0,6.0,3,4.6
59,HVAC,Cold day today with 4 people home. What's a good heating temperature?,"Chambersburg, PA",5,66,3.0,3.0,7.0,6.0,2,4.25
59,HVAC,Cold day today with 4 people home. What's a good heating temperature?,"Chambersburg, PA",5,69,3.0,3.0,7.0,5.0,3,4.1
59,HVAC,Cold day today with 4 people home. What's a good heating temperature?,"Chambersburg, PA",5,72,5.0,6.0,7.0,8.0,1,6.2
60,HVAC,It's a cold day. What should I set the thermostat to?,"Gettysburg, PA",60,68,7.0,6.0,8.0,9.0,2,7.149999999999999
60,HVAC,It's a cold day. What should I set the thermostat to?,"Gettysburg, PA",60,70,4.0,5.0,7.0,6.0,3,5.25
60,HVAC,It's a cold day. What should I set the thermostat to?,"Gettysburg, PA",60,72,7.0,6.0,8.0,9.0,1,7.149999999999999
61,Appliance,I need to dry clothes this afternoon (around 2 PM). When should I start?,"York, PA",,Dry at 2:00 PM,5.0,6.0,8.0,7.0,3,6.249999999999999
61,Appliance,I need to dry clothes this afternoon (around 2 PM). When should I start?,"York, PA",,Dry at 2:00 AM,9.0,8.0,2.0,3.0,2,6.3500000000000005
61,Appliance,I need to dry clothes this afternoon (around 2 PM). When should I start?,"York, PA",,Dry at 9:00 PM,8.0,7.0,6.0,5.0,1,6.8
62,Appliance,Dinner's done around 7 PM. What's the best time to run the dishwasher?,"Lancaster, PA",,Run dishwasher at 7:00 PM,5.0,5.0,8.0,7.0,3,5.8999999999999995
62,Appliance,Dinner's done around 7 PM. What's the best time to run the dishwasher?,"Lancaster, PA",,Run dishwasher at 5:00 PM,6.0,5.0,8.0,7.0,2,6.2
62,Appliance,Dinner's done around 7 PM. What's the best time to run the dishwasher?,"Lancaster, PA",,Run dishwasher at 4:00 PM,6.0,5.0,8.0,7.0,1,6.2
63,Appliance,I'm ready to run the dishwasher after dinner (around 8 PM). When should I start it?,"Pittsburgh, PA",,Run dishwasher at 8:00 PM,7.0,6.0,8.0,9.0,2,7.149999999999999
63,Appliance,I'm ready to run the dishwasher after dinner (around 8 PM). When should I start it?,"Pittsburgh, PA",,Run dishwasher at 5:00 PM,6.0,5.0,8.0,9.0,3,6.5
63,Appliance,I'm ready to run the dishwasher after dinner (around 8 PM). When should I start it?,"Pittsburgh, PA",,Run dishwasher at 1:00 AM,9.0,8.0,6.0,7.0,1,7.75
64,Appliance,I want to run my dishwasher this afternoon (around 2 PM). When should I start it?,"Harrisburg, PA",,Run dishwasher at 2:00 PM,5.0,5.0,5.0,5.0,3,5.0
64,Appliance,I want to run my dishwasher this afternoon (around 2 PM). When should I start it?,"Harrisburg, PA",,Run dishwasher at 10:00 PM,8.0,7.0,6.0,8.0,2,7.25
64,Appliance,I want to run my dishwasher this afternoon (around 2 PM). When should I start it?,"Harrisburg, PA",,Run dishwasher at 1:00 AM,8.0,7.0,6.0,9.0,1,7.3999999999999995
65,Appliance,The dishwasher is full (around 1 AM). Should I run it now or delay it?,"Allentown, PA",,Run dishwasher at 1:00 AM,8.0,7.0,6.0,9.0,1,7.3999999999999995
65,Appliance,The dishwasher is full (around 1 AM). Should I run it now or delay it?,"Allentown, PA",,Run dishwasher at 3:00 PM,5.0,6.0,7.0,8.0,3,6.2
65,Appliance,The dishwasher is full (around 1 AM). Should I run it now or delay it?,"Allentown, PA",,Run dishwasher at 11:00 PM,8.0,7.0,6.0,7.0,2,7.1
66,Appliance,I'm finally getting to laundry (around 1 AM). When should I start the washer?,"Philadelphia, PA",,Wash at 1:00 AM,9.0,8.0,6.0,5.0,1,7.45
66,Appliance,I'm finally getting to laundry (around 1 AM). When should I start the washer?,"Philadelphia, PA",,Wash at 7:00 PM,6.0,5.0,8.0,7.0,3,6.2
66,Appliance,I'm finally getting to laundry (around 1 AM). When should I start the washer?,"Philadelphia, PA",,Wash at 3:00 PM,6.0,5.0,8.0,7.0,2,6.2
67,Appliance,I have time to do laundry this afternoon (around 5 PM). When should I start?,"Lancaster, PA",,Wash at 5:00 PM,6.0,5.0,8.0,9.0,3,6.5
67,Appliance,I have time to do laundry this afternoon (around 5 PM). When should I start?,"Lancaster, PA",,Wash at 2:00 PM,6.0,7.0,8.0,9.0,1,7.199999999999999
67,Appliance,I have time to do laundry this afternoon (around 5 PM). When should I start?,"Lancaster, PA",,Wash at 10:00 PM,8.0,7.0,6.0,7.0,2,7.1
68,Appliance,Planning to run the washing machine around 11 PM. Is that okay or should I wait?,"Pittsburgh, PA",,Wash at 11:00 PM,8.0,7.0,6.0,7.0,2,7.1
68,Appliance,Planning to run the washing machine around 11 PM. Is that okay or should I wait?,"Pittsburgh, PA",,Wash at 3:00 PM,6.0,7.0,8.0,9.0,1,7.199999999999999
68,Appliance,Planning to run the washing machine around 11 PM. Is that okay or should I wait?,"Pittsburgh, PA",,Wash at 5:00 PM,6.0,5.0,8.0,9.0,3,6.5
69,Appliance,I have time to do laundry this afternoon (around 5 PM). When should I start?,"Harrisburg, PA",,Wash at 5:00 PM,6.0,5.0,8.0,9.0,3,6.5
69,Appliance,I have time to do laundry this afternoon (around 5 PM). When should I start?,"Harrisburg, PA",,Wash at 2:00 PM,6.0,7.0,8.0,9.0,1,7.199999999999999
69,Appliance,I have time to do laundry this afternoon (around 5 PM). When should I start?,"Harrisburg, PA",,Wash at 9:00 PM,7.0,7.0,6.0,5.0,2,6.5
70,Appliance,Thinking of washing clothes around 4 PM. Good timing?,"Allentown, PA",,Wash at 4:00 PM,6.0,5.0,8.0,9.0,3,6.5
70,Appliance,Thinking of washing clothes around 4 PM. Good timing?,"Allentown, PA",,Wash at 1:00 AM,8.0,7.0,6.0,5.0,2,6.8
70,Appliance,Thinking of washing clothes around 4 PM. Good timing?,"Allentown, PA",,Wash at 10:00 PM,8.0,7.0,6.0,5.0,1,6.8
71,Appliance,I have time to do laundry this afternoon (around 4 PM). When should I start?,"Erie, PA",,Wash at 4:00 PM,5.0,5.0,8.0,7.0,3,5.8999999999999995
71,Appliance,I have time to do laundry this afternoon (around 4 PM). When should I start?,"Erie, PA",,Wash at 12:00 PM,5.0,6.0,7.0,8.0,2,6.2
71,Appliance,I have time to do laundry this afternoon (around 4 PM). When should I start?,"Erie, PA",,Wash at 9:00 PM,8.0,7.0,6.0,5.0,1,6.8
72,Appliance,Thinking of washing clothes around 5 PM. Good timing?,"Scranton, PA",,Wash at 5:00 PM,7.0,6.0,8.0,9.0,2,7.149999999999999
72,Appliance,Thinking of washing clothes around 5 PM. Good timing?,"Scranton, PA",,Wash at 1:00 AM,9.0,8.0,6.0,7.0,1,7.75
72,Appliance,Thinking of washing clothes around 5 PM. Good timing?,"Scranton, PA",,Wash at 7:00 PM,6.0,6.0,8.0,7.0,3,6.55
73,Appliance,It's late (around 7 PM) but I need to wash clothes. Should I do it now?,"Bethlehem, PA",,Wash at 7:00 PM,5.0,5.0,8.0,7.0,3,5.8999999999999995
73,Appliance,It's late (around 7 PM) but I need to wash clothes. Should I do it now?,"Bethlehem, PA",,Wash at 2:00 PM,5.0,6.0,7.0,8.0,2,6.2
73,Appliance,It's late (around 7 PM) but I need to wash clothes. Should I do it now?,"Bethlehem, PA",,Wash at 1:00 AM,8.0,7.0,4.0,5.0,1,6.3999999999999995
74,Appliance,I want to run a load of laundry around 5 PM. When's the best time?,"Reading, PA",,Wash at 5:00 PM,6.0,7.0,8.0,9.0,2,7.199999999999999
74,Appliance,I want to run a load of laundry around 5 PM. When's the best time?,"Reading, PA",,Wash at 10:00 PM,8.0,7.0,6.0,7.0,3,7.1
74,Appliance,I want to run a load of laundry around 5 PM. When's the best time?,"Reading, PA",,Wash at 1:00 AM,9.0,8.0,5.0,6.0,1,7.4
75,Appliance,Planning to run the washing machine around 9 PM. Is that okay or should I wait?,"York, PA",,Wash at 9:00 PM,8.0,7.0,9.0,8.0,1,7.85
75,Appliance,Planning to run the washing machine around 9 PM. Is that okay or should I wait?,"York, PA",,Wash at 12:00 AM,8.0,7.0,6.0,5.0,3,6.8
75,Appliance,Planning to run the washing machine around 9 PM. Is that okay or should I wait?,"York, PA",,Wash at 2:00 PM,8.0,7.0,6.0,7.0,2,7.1
76,Appliance,My laundry is ready to dry (around 2 PM). Should I run the dryer now or wait?,"Philadelphia, PA",,Dry at 2:00 PM,6.0,5.0,8.0,9.0,2,6.5
76,Appliance,My laundry is ready to dry (around 2 PM). Should I run the dryer now or wait?,"Philadelphia, PA",,Dry at 9:00 PM,7.0,6.0,8.0,7.0,1,6.849999999999999
76,Appliance,My laundry is ready to dry (around 2 PM). Should I run the dryer now or wait?,"Philadelphia, PA",,Dry at 5:00 PM,6.0,5.0,8.0,7.0,3,6.2
77,Appliance,Planning to run the dryer around 2 PM. Is that a good time?,"Lancaster, PA",,Dry at 2:00 PM,6.0,5.0,8.0,7.0,3,6.2
77,Appliance,Planning to run the dryer around 2 PM. Is that a good time?,"Lancaster, PA",,Dry at 12:00 AM,8.0,7.0,6.0,9.0,2,7.3999999999999995
77,Appliance,Planning to run the dryer around 2 PM. Is that a good time?,"Lancaster, PA",,Dry at 11:00 PM,8.0,7.0,6.0,9.0,1,7.3999999999999995
78,Appliance,I'm ready to dry clothes (around 1 AM). When should I start the dryer?,"Pittsburgh, PA",,Dry at 1:00 AM,8.0,7.0,5.0,6.0,1,6.75
78,Appliance,I'm ready to dry clothes (around 1 AM). When should I start the dryer?,"Pittsburgh, PA",,Dry at 2:00 PM,5.0,6.0,7.0,8.0,3,6.2
78,Appliance,I'm ready to dry clothes (around 1 AM). When should I start the dryer?,"Pittsburgh, PA",,Dry at 8:00 PM,6.0,5.0,8.0,7.0,2,6.2
79,Appliance,I'm ready to dry clothes (around 8 PM). When should I start the dryer?,"Harrisburg, PA",,Dry at 8:00 PM,5.0,6.0,8.0,7.0,2,6.249999999999999
79,Appliance,I'm ready to dry clothes (around 8 PM). When should I start the dryer?,"Harrisburg, PA",,Dry at 10:00 AM,6.0,6.0,7.0,8.0,1,6.5
79,Appliance,I'm ready to dry clothes (around 8 PM). When should I start the dryer?,"Harrisburg, PA",,Dry at 4:00 PM,4.0,5.0,7.0,8.0,3,5.550000000000001
80,Appliance,Planning to run the dryer around 1 AM. Is that the best time?,"Allentown, PA",,Dry at 1:00 AM,8.0,7.0,6.0,5.0,1,6.8
80,Appliance,Planning to run the dryer around 1 AM. Is that the best time?,"Allentown, PA",,Dry at 9:00 PM,4.0,5.0,7.0,8.0,3,5.550000000000001
80,Appliance,Planning to run the dryer around 1 AM. Is that the best time?,"Allentown, PA",,Dry at 4:00 PM,5.0,6.0,8.0,7.0,2,6.249999999999999
81,Appliance,It's late (around midnight) and I need to dry laundry. Should I start now or delay?,"Erie, PA",,Dry at 12:00 AM,8.0,7.0,6.0,5.0,1,6.8
81,Appliance,It's late (around midnight) and I need to dry laundry. Should I start now or delay?,"Erie, PA",,Dry at 7:00 PM,6.0,5.0,8.0,7.0,3,6.2
81,Appliance,It's late (around midnight) and I need to dry laundry. Should I start now or delay?,"Erie, PA",,Dry at 3:00 PM,6.0,7.0,4.0,8.0,2,6.25
82,Appliance,I'm ready to dry clothes (around midnight). When should I start the dryer?,"Scranton, PA",,Dry at 12:00 AM,8.0,7.0,5.0,6.0,2,6.75
82,Appliance,I'm ready to dry clothes (around midnight). When should I start the dryer?,"Scranton, PA",,Dry at 10:00 PM,8.0,7.0,6.0,7.0,1,7.1
82,Appliance,I'm ready to dry clothes (around midnight). When should I start the dryer?,"Scranton, PA",,Dry at 4:00 PM,3.0,4.0,7.0,6.0,3,4.6
83,Appliance,My laundry is ready to dry (around 4 PM). Should I run the dryer now or wait?,"Bethlehem, PA",,Dry at 4:00 PM,6.0,5.0,8.0,9.0,3,6.5
83,Appliance,My laundry is ready to dry (around 4 PM). Should I run the dryer now or wait?,"Bethlehem, PA",,Dry at 10:00 PM,8.0,7.0,6.0,7.0,2,7.1
83,Appliance,My laundry is ready to dry (around 4 PM). Should I run the dryer now or wait?,"Bethlehem, PA",,Dry at 6:00 AM,8.0,7.0,6.0,9.0,1,7.3999999999999995
84,Appliance,Planning to run the dryer around 3 PM. Is that a good time?,"Reading, PA",,Dry at 3:00 PM,7.0,6.0,8.0,9.0,3,7.149999999999999
84,Appliance,Planning to run the dryer around 3 PM. Is that a good time?,"Reading, PA",,Dry at 11:00 PM,8.0,7.0,6.0,9.0,2,7.3999999999999995
84,Appliance,Planning to run the dryer around 3 PM. Is that a good time?,"Reading, PA",,Dry at 1:00 AM,9.0,8.0,6.0,7.0,1,7.75
85,Appliance,When should I do dishes today?,"York, PA",,Run dishwasher at 7:00 PM,5.0,5.0,8.0,7.0,3,5.8999999999999995
85,Appliance,When should I do dishes today?,"York, PA",,Run dishwasher at 10:00 PM,8.0,7.0,6.0,7.0,1,7.1
85,Appliance,When should I do dishes today?,"York, PA",,Run dishwasher at 1:00 AM,8.0,7.0,5.0,6.0,2,6.75
86,Shower,What's the ideal shower length?,"Erie, PA",28,6,7.0,7.0,8.0,9.0,1,7.5
86,Shower,What's the ideal shower length?,"Erie, PA",28,9,5.0,6.0,7.0,8.0,2,6.2
86,Shower,What's the ideal shower length?,"Erie, PA",28,12,4.0,5.0,7.0,6.0,3,5.25
87,Shower,What's the ideal shower length?,"Scranton, PA",32,5,7.0,8.0,6.0,9.0,1,7.45
87,Shower,What's the ideal shower length?,"Scranton, PA",32,7,6.0,7.0,8.0,9.0,2,7.199999999999999
87,Shower,What's the ideal shower length?,"Scranton, PA",32,10,3.0,4.0,7.0,6.0,3,4.6
88,Shower,What's the ideal shower length?,"Bethlehem, PA",60,5,5.0,5.0,5.0,5.0,2,5.0
88,Shower,What's the ideal shower length?,"Bethlehem, PA",60,10,3.0,4.0,7.0,6.0,3,4.6
88,Shower,What's the ideal shower length?,"Bethlehem, PA",60,15,4.0,5.0,7.0,6.0,1,5.25
89,Shower,How long should my showers be?,"Reading, PA",82,5,7.0,7.0,6.0,8.0,3,6.95
89,Shower,How long should my showers be?,"Reading, PA",82,8,7.0,6.0,8.0,9.0,2,7.149999999999999
89,Shower,How long should my showers be?,"Reading, PA",82,12,6.0,7.0,8.0,9.0,1,7.199999999999999
90,Shower,How long should my showers be?,"York, PA",48,5,7.0,7.0,6.0,8.0,2,6.95
90,Shower,How long should my showers be?,"York, PA",48,10,3.0,4.0,7.0,6.0,3,4.6
90,Shower,How long should my showers be?,"York, PA",48,15,6.0,7.0,8.0,9.0,1,7.199999999999999
91,Shower,How long should my showers be?,"West Chester, PA",58,5,7.0,6.0,8.0,9.0,1,7.149999999999999
91,Shower,How long should my showers be?,"West Chester, PA",58,7,7.0,7.0,6.0,8.0,2,6.95
91,Shower,How long should my showers be?,"West Chester, PA",58,10,2.0,2.0,7.0,6.0,3,3.6
92,Shower,How long should my showers be?,"State College, PA",30,6,7.0,7.0,8.0,9.0,1,7.5
92,Shower,How long should my showers be?,"State College, PA",30,10,3.0,4.0,8.0,7.0,3,4.95
92,Shower,How long should my showers be?,"State College, PA",30,15,6.0,7.0,8.0,9.0,2,7.199999999999999
93,Shower,How long should my showers be?,"Doylestown, PA",85,6,7.0,7.0,6.0,8.0,2,6.95
93,Shower,How long should my showers be?,"Doylestown, PA",85,9,3.0,4.0,7.0,6.0,3,4.6
93,Shower,How long should my showers be?,"Doylestown, PA",85,12,6.0,7.0,8.0,9.0,1,7.199999999999999
94,Shower,What's the ideal shower length?,"Media, PA",52,5,8.0,7.0,6.0,9.0,1,7.3999999999999995
94,Shower,What's the ideal shower length?,"Media, PA",52,8,7.0,6.0,8.0,9.0,2,7.149999999999999
94,Shower,What's the ideal shower length?,"Media, PA",52,12,5.0,5.0,5.0,5.0,3,5.0
95,Shower,What's the ideal shower length?,"Norristown, PA",35,6,7.0,7.0,8.0,9.0,1,7.5
95,Shower,What's the ideal shower length?,"Norristown, PA",35,10,3.0,4.0,7.0,6.0,3,4.6
95,Shower,What's the ideal shower length?,"Norristown, PA",35,15,4.0,5.0,7.0,6.0,2,5.25
96,Shower,What's the ideal shower length?,"King of Prussia, PA",62,6,7.0,8.0,6.0,9.0,1,7.45
96,Shower,What's the ideal shower length?,"King of Prussia, PA",62,9,5.0,6.0,7.0,8.0,2,6.2
96,Shower,What's the ideal shower length?,"King of Prussia, PA",62,12,3.0,4.0,7.0,5.0,3,4.45
97,Shower,How long should my showers be?,"Pottstown, PA",78,5,7.0,7.0,6.0,8.0,1,6.95
97,Shower,How long should my showers be?,"Pottstown, PA",78,8,5.0,6.0,7.0,8.0,3,6.2
97,Shower,How long should my showers be?,"Pottstown, PA",78,12,5.0,6.0,7.0,8.0,2,6.2
98,Shower,What's the ideal shower length?,"Exton, PA",55,6,7.0,8.0,7.0,9.0,1,7.65
98,Shower,What's the ideal shower length?,"Exton, PA",55,9,3.0,4.0,7.0,6.0,3,4.6
98,Shower,What's the ideal shower length?,"Exton, PA",55,12,3.0,4.0,7.0,6.0,2,4.6
99,Shower,What's the ideal shower length?,"Newtown, PA",33,5,5.0,5.0,5.0,5.0,2,5.0
99,Shower,What's the ideal shower length?,"Newtown, PA",33,7,7.0,7.0,8.0,9.0,1,7.5
99,Shower,What's the ideal shower length?,"Newtown, PA",33,10,4.0,4.0,7.0,6.0,3,4.9
100,Shower,What's the ideal shower length?,"Wilkes-Barre, PA",58,2,9.0,9.0,3.0,7.0,1,7.499999999999999
100,Shower,What's the ideal shower length?,"Wilkes-Barre, PA",58,16,3.0,4.0,7.0,6.0,2,4.6
100,Shower,What's the ideal shower length?,"Wilkes-Barre, PA",58,29,2.0,3.0,5.0,4.0,3,3.25
