scenario_id,decision_type,question,location,outdoor_temp,appliance_age,flow_rate,alternative,energy_cost,environmental,comfort,practicality,rank,weighted_score
1,HVAC,Cold day today with 2 people home. What's a good heating temperature?,"Bethlehem, PA",26,,,67,5.0,5.0,7.0,8.0,3,5.8500000000000005
1,HVAC,Cold day today with 2 people home. What's a good heating temperature?,"Bethlehem, PA",26,,,70,7.0,7.0,6.0,8.0,2,6.95
1,HVAC,Cold day today with 2 people home. What's a good heating temperature?,"Bethlehem, PA",26,,,73,7.0,7.0,8.0,9.0,1,7.5
2,HVAC,It's hot today and we're home as usual. What temperature should I set the AC to?,"Doylestown, PA",91,,,72,6.0,6.0,8.0,7.0,1,6.55
2,HVAC,It's hot today and we're home as usual. What temperature should I set the AC to?,"Doylestown, PA",91,,,75,5.0,5.0,7.0,8.0,3,5.8500000000000005
2,HVAC,It's hot today and we're home as usual. What temperature should I set the AC to?,"Doylestown, PA",91,,,79,5.0,5.0,7.0,8.0,2,5.8500000000000005
3,HVAC,It's cold outside and we're home as usual. What should I set the heat to?,"Doylestown, PA",19,,,68,6.0,6.0,8.0,7.0,1,6.55
3,HVAC,It's cold outside and we're home as usual. What should I set the heat to?,"Doylestown, PA",19,,,71,4.0,4.0,7.0,6.0,3,4.9
3,HVAC,It's cold outside and we're home as usual. What should I set the heat to?,"Doylestown, PA",19,,,74,5.0,5.0,8.0,7.0,2,5.8999999999999995
4,HVAC,Someone's home all day and it's hot outside. What should I set the AC to?,"Media, PA",87,,,75,6.0,6.0,7.0,8.0,2,6.5
4,HVAC,Someone's home all day and it's hot outside. What should I set the AC to?,"Media, PA",87,,,78,5.0,4.0,7.0,6.0,3,5.199999999999999
4,HVAC,Someone's home all day and it's hot outside. What should I set the AC to?,"Media, PA",87,,,81,6.0,6.0,7.0,8.0,1,6.5
5,HVAC,Someone's home all day and it's cold. What heating temperature should I use?,"Media, PA",23,,,67,5.0,5.0,7.0,8.0,3,5.8500000000000005
5,HVAC,Someone's home all day and it's cold. What heating temperature should I use?,"Media, PA",23,,,70,5.0,5.0,7.0,8.0,2,5.8500000000000005
5,HVAC,Someone's home all day and it's cold. What heating temperature should I use?,"Media, PA",23,,,73,7.0,7.0,8.0,9.0,1,7.5
6,HVAC,We're all out for 8 hours in the heat. What AC setting makes sense?,"Allentown, PA",90,,,76,6.0,6.0,7.0,8.0,1,6.5
6,HVAC,We're all out for 8 hours in the heat. What AC setting makes sense?,"Allentown, PA",90,,,79,5.0,4.0,7.0,8.0,3,5.5
6,HVAC,We're all out for 8 hours in the heat. What AC setting makes sense?,"Allentown, PA",90,,,82,6.0,5.0,7.0,8.0,2,6.15
7,HVAC,We're all out for 8 hours in cold weather. What heating temperature is best?,"Allentown, PA",21,,,66,5.0,5.0,7.0,8.0,3,5.8500000000000005
7,HVAC,We're all out for 8 hours in cold weather. What heating temperature is best?,"Allentown, PA",21,,,69,6.0,6.0,7.0,8.0,2,6.5
7,HVAC,We're all out for 8 hours in cold weather. What heating temperature is best?,"Allentown, PA",21,,,72,6.0,6.0,7.0,8.0,1,6.5
8,HVAC,The house will be empty for 12 hours today. What AC temperature should I set?,"Harrisburg, PA",94,,,76,6.0,5.0,3.0,7.0,2,5.2
8,HVAC,The house will be empty for 12 hours today. What AC temperature should I set?,"Harrisburg, PA",94,,,79,5.0,4.0,3.0,6.0,3,4.4
8,HVAC,The house will be empty for 12 hours today. What AC temperature should I set?,"Harrisburg, PA",94,,,82,6.0,6.0,5.0,7.0,1,5.949999999999999
9,HVAC,The house will be empty for 12 hours today. What heat setting should I use?,"Harrisburg, PA",17,,,66,4.0,4.0,2.0,3.0,2,3.4499999999999993
9,HVAC,The house will be empty for 12 hours today. What heat setting should I use?,"Harrisburg, PA",17,,,69,3.0,3.0,1.0,2.0,3,2.4499999999999997
9,HVAC,The house will be empty for 12 hours today. What heat setting should I use?,"Harrisburg, PA",17,,,72,4.0,4.0,7.0,8.0,1,5.2
10,HVAC,I'm working from home today and it's hot. What AC temperature should I use?,"Blue Bell, PA",88,,,73,6.0,6.0,7.0,8.0,1,6.5
10,HVAC,I'm working from home today and it's hot. What AC temperature should I use?,"Blue Bell, PA",88,,,76,6.0,5.0,8.0,7.0,3,6.2
10,HVAC,I'm working from home today and it's hot. What AC temperature should I use?,"Blue Bell, PA",88,,,79,6.0,5.0,8.0,7.0,2,6.2
11,HVAC,I'm working from home and it's cold outside. What should I set the heat to?,"Blue Bell, PA",22,,,68,6.0,6.0,7.0,8.0,2,6.5
11,HVAC,I'm working from home and it's cold outside. What should I set the heat to?,"Blue Bell, PA",22,,,71,7.0,6.0,8.0,9.0,1,7.149999999999999
11,HVAC,I'm working from home and it's cold outside. What should I set the heat to?,"Blue Bell, PA",22,,,74,5.0,5.0,7.0,8.0,3,5.8500000000000005
12,HVAC,The house will be empty for 4 hours today. What AC temperature should I set?,"York, PA",92,,,78,4.0,4.0,6.0,7.0,3,4.85
12,HVAC,The house will be empty for 4 hours today. What AC temperature should I set?,"York, PA",92,,,81,4.0,4.0,6.0,7.0,2,4.85
12,HVAC,The house will be empty for 4 hours today. What AC temperature should I set?,"York, PA",92,,,84,6.0,6.0,4.0,8.0,1,5.8999999999999995
13,HVAC,The house will be empty for 4 hours today. What heat setting should I use?,"York, PA",20,,,65,5.0,5.0,3.0,7.0,3,4.9
13,HVAC,The house will be empty for 4 hours today. What heat setting should I use?,"York, PA",20,,,68,5.0,5.0,4.0,6.0,2,4.949999999999999
13,HVAC,The house will be empty for 4 hours today. What heat setting should I use?,"York, PA",20,,,71,6.0,6.0,3.0,7.0,1,5.55
14,HVAC,I'll be home all day working and it's hot outside. What AC temperature makes sense?,"Phoenixville, PA",89,,,76,5.0,5.0,7.0,6.0,3,5.550000000000001
14,HVAC,I'll be home all day working and it's hot outside. What AC temperature makes sense?,"Phoenixville, PA",89,,,79,6.0,5.0,8.0,7.0,2,6.2
14,HVAC,I'll be home all day working and it's hot outside. What AC temperature makes sense?,"Phoenixville, PA",89,,,82,6.0,6.0,7.0,8.0,1,6.5
15,HVAC,I'll be home all day and it's cold. What temperature should I set the thermostat to?,"Phoenixville, PA",24,,,66,6.0,6.0,8.0,7.0,3,6.55
15,HVAC,I'll be home all day and it's cold. What temperature should I set the thermostat to?,"Phoenixville, PA",24,,,69,7.0,6.0,8.0,9.0,1,7.149999999999999
15,HVAC,I'll be home all day and it's cold. What temperature should I set the thermostat to?,"Phoenixville, PA",24,,,72,6.0,6.0,8.0,9.0,2,6.85
16,HVAC,No one's home for 8 hours and it's hot. What should I set the AC to?,"Scranton, PA",84,,,75,7.0,7.0,5.0,8.0,1,6.75
16,HVAC,No one's home for 8 hours and it's hot. What should I set the AC to?,"Scranton, PA",84,,,78,7.0,6.0,4.0,8.0,3,6.199999999999999
16,HVAC,No one's home for 8 hours and it's hot. What should I set the AC to?,"Scranton, PA",84,,,81,6.0,7.0,4.0,8.0,2,6.25
17,HVAC,No one's home for 8 hours and it's cold. What should I set the heat to?,"Scranton, PA",16,,,66,5.0,5.0,2.0,7.0,3,4.7
17,HVAC,No one's home for 8 hours and it's cold. What should I set the heat to?,"Scranton, PA",16,,,69,5.0,5.0,2.0,7.0,2,4.7
17,HVAC,No one's home for 8 hours and it's cold. What should I set the heat to?,"Scranton, PA",16,,,72,7.0,6.0,3.0,8.0,1,5.999999999999999
18,HVAC,We're all out for 8 hours in the heat. What AC setting makes sense?,"Norristown, PA",91,,,78,4.0,4.0,6.0,7.0,3,4.85
18,HVAC,We're all out for 8 hours in the heat. What AC setting makes sense?,"Norristown, PA",91,,,81,6.0,6.0,7.0,8.0,1,6.5
18,HVAC,We're all out for 8 hours in the heat. What AC setting makes sense?,"Norristown, PA",91,,,84,4.0,4.0,7.0,6.0,2,4.9
19,HVAC,We're all out for 8 hours in cold weather. What heating temperature is best?,"Norristown, PA",19,,,65,3.0,3.0,7.0,8.0,3,4.55
19,HVAC,We're all out for 8 hours in cold weather. What heating temperature is best?,"Norristown, PA",19,,,68,3.0,4.0,6.0,7.0,2,4.55
19,HVAC,We're all out for 8 hours in cold weather. What heating temperature is best?,"Norristown, PA",19,,,71,3.0,4.0,7.0,6.0,1,4.6
20,HVAC,It's hot today and we're home as usual. What temperature should I set the AC to?,"Lower Merion, PA",90,,,71,6.0,5.0,8.0,7.0,2,6.2
20,HVAC,It's hot today and we're home as usual. What temperature should I set the AC to?,"Lower Merion, PA",90,,,75,4.0,4.0,7.0,8.0,3,5.2
20,HVAC,It's hot today and we're home as usual. What temperature should I set the AC to?,"Lower Merion, PA",90,,,79,5.0,6.0,7.0,8.0,1,6.2
21,HVAC,It's cold outside and we're home as usual. What should I set the heat to?,"Lower Merion, PA",23,,,68,5.0,5.0,7.0,8.0,3,5.8500000000000005
21,HVAC,It's cold outside and we're home as usual. What should I set the heat to?,"Lower Merion, PA",23,,,71,7.0,6.0,8.0,9.0,1,7.149999999999999
21,HVAC,It's cold outside and we're home as usual. What should I set the heat to?,"Lower Merion, PA",23,,,74,5.0,5.0,8.0,7.0,2,5.8999999999999995
22,HVAC,The house is unoccupied for 4 hours today. What's the best AC temperature?,"King of Prussia, PA",93,,,75,6.0,6.0,8.0,7.0,1,6.55
22,HVAC,The house is unoccupied for 4 hours today. What's the best AC temperature?,"King of Prussia, PA",93,,,78,5.0,5.0,7.0,8.0,2,5.8500000000000005
22,HVAC,The house is unoccupied for 4 hours today. What's the best AC temperature?,"King of Prussia, PA",93,,,81,6.0,6.0,3.0,7.0,3,5.55
23,HVAC,The house is unoccupied for 4 hours. What should I set the thermostat to?,"King of Prussia, PA",18,,,66,7.0,8.0,5.0,8.0,2,7.1000000000000005
23,HVAC,The house is unoccupied for 4 hours. What should I set the thermostat to?,"King of Prussia, PA",18,,,69,7.0,8.0,5.0,6.0,3,6.800000000000001
23,HVAC,The house is unoccupied for 4 hours. What should I set the thermostat to?,"King of Prussia, PA",18,,,72,7.0,8.0,5.0,9.0,1,7.25
24,HVAC,It's hot today and we're home as usual. What temperature should I set the AC to?,"Pottstown, PA",88,,,76,7.0,6.0,8.0,9.0,1,7.149999999999999
24,HVAC,It's hot today and we're home as usual. What temperature should I set the AC to?,"Pottstown, PA",88,,,79,4.0,4.0,7.0,6.0,3,4.9
24,HVAC,It's hot today and we're home as usual. What temperature should I set the AC to?,"Pottstown, PA",88,,,82,6.0,5.0,8.0,7.0,2,6.2
25,HVAC,It's cold outside and we're home as usual. What should I set the heat to?,"Pottstown, PA",21,,,66,5.0,5.0,7.0,8.0,2,5.8500000000000005
25,HVAC,It's cold outside and we're home as usual. What should I set the heat to?,"Pottstown, PA",21,,,69,4.0,4.0,8.0,7.0,3,5.249999999999999
25,HVAC,It's cold outside and we're home as usual. What should I set the heat to?,"Pottstown, PA",21,,,72,5.0,5.0,8.0,7.0,1,5.8999999999999995
26,HVAC,It's hot today and everyone's home. What temperature makes sense for the AC?,"Exton, PA",91,,,73,6.0,6.0,7.0,8.0,3,6.5
26,HVAC,It's hot today and everyone's home. What temperature makes sense for the AC?,"Exton, PA",91,,,76,6.0,6.0,7.0,8.0,2,6.5
26,HVAC,It's hot today and everyone's home. What temperature makes sense for the AC?,"Exton, PA",91,,,79,6.0,6.0,7.0,8.0,1,6.5
27,HVAC,It's cold today and everyone's home. What heating temperature should I use?,"Exton, PA",20,,,67,7.0,6.0,8.0,9.0,1,7.149999999999999
27,HVAC,It's cold today and everyone's home. What heating temperature should I use?,"Exton, PA",20,,,70,5.0,5.0,7.0,8.0,3,5.8500000000000005
27,HVAC,It's cold today and everyone's home. What heating temperature should I use?,"Exton, PA",20,,,73,5.0,5.0,7.0,8.0,2,5.8500000000000005
28,HVAC,"With 2 people home on a hot day, what's the best AC setting?","Reading, PA",92,,,78,5.0,5.0,7.0,8.0,2,5.8500000000000005
28,HVAC,"With 2 people home on a hot day, what's the best AC setting?","Reading, PA",92,,,81,6.0,6.0,7.0,8.0,1,6.5
28,HVAC,"With 2 people home on a hot day, what's the best AC setting?","Reading, PA",92,,,84,5.0,5.0,7.0,6.0,3,5.550000000000001
29,HVAC,Cold day today with 2 people home. What's a good heating temperature?,"Reading, PA",22,,,65,5.0,5.0,7.0,8.0,1,5.8500000000000005
29,HVAC,Cold day today with 2 people home. What's a good heating temperature?,"Reading, PA",22,,,68,4.0,4.0,7.0,8.0,3,5.2
29,HVAC,Cold day today with 2 people home. What's a good heating temperature?,"Reading, PA",22,,,71,4.0,4.0,7.0,8.0,2,5.2
30,HVAC,It's a hot day. What should I set my air conditioning to?,"Newtown, PA",89,,,74,5.0,4.0,7.0,6.0,3,5.199999999999999
30,HVAC,It's a hot day. What should I set my air conditioning to?,"Newtown, PA",89,,,77,5.0,5.0,7.0,8.0,2,5.8500000000000005
30,HVAC,It's a hot day. What should I set my air conditioning to?,"Newtown, PA",89,,,80,6.0,5.0,8.0,7.0,1,6.2
31,HVAC,It's a cold day. What should I set the thermostat to?,"Newtown, PA",24,,,67,6.0,6.0,7.0,8.0,2,6.5
31,HVAC,It's a cold day. What should I set the thermostat to?,"Newtown, PA",24,,,70,5.0,5.0,7.0,8.0,3,5.8500000000000005
31,HVAC,It's a cold day. What should I set the thermostat to?,"Newtown, PA",24,,,73,7.0,7.0,8.0,9.0,1,7.5
32,HVAC,It's hot today and we're home as usual. What temperature should I set the AC to?,"Wilkes-Barre, PA",87,,,75,7.0,7.0,8.0,8.0,1,7.3500000000000005
32,HVAC,It's hot today and we're home as usual. What temperature should I set the AC to?,"Wilkes-Barre, PA",87,,,78,5.0,5.0,7.0,8.0,3,5.8500000000000005
32,HVAC,It's hot today and we're home as usual. What temperature should I set the AC to?,"Wilkes-Barre, PA",87,,,81,6.0,6.0,8.0,7.0,2,6.55
33,HVAC,It's cold outside and we're home as usual. What should I set the heat to?,"Wilkes-Barre, PA",19,,,66,5.0,5.0,8.0,7.0,2,5.8999999999999995
33,HVAC,It's cold outside and we're home as usual. What should I set the heat to?,"Wilkes-Barre, PA",19,,,69,5.0,4.0,7.0,8.0,3,5.5
33,HVAC,It's cold outside and we're home as usual. What should I set the heat to?,"Wilkes-Barre, PA",19,,,72,7.0,6.0,8.0,9.0,1,7.149999999999999
34,HVAC,"With 2 people home on a hot day, what's the best AC setting?","Carlisle, PA",90,,,78,5.0,5.0,7.0,6.0,1,5.550000000000001
34,HVAC,"With 2 people home on a hot day, what's the best AC setting?","Carlisle, PA",90,,,81,4.0,4.0,7.0,6.0,3,4.9
34,HVAC,"With 2 people home on a hot day, what's the best AC setting?","Carlisle, PA",90,,,84,4.0,4.0,7.0,6.0,2,4.9
35,HVAC,Cold day today with 2 people home. What's a good heating temperature?,"Carlisle, PA",23,,,65,5.0,4.0,7.0,8.0,1,5.5
35,HVAC,Cold day today with 2 people home. What's a good heating temperature?,"Carlisle, PA",23,,,68,4.0,4.0,7.0,8.0,2,5.2
35,HVAC,Cold day today with 2 people home. What's a good heating temperature?,"Carlisle, PA",23,,,71,4.0,4.0,7.0,6.0,3,4.9
36,HVAC,It's hot today and everyone's home. What temperature makes sense for the AC?,"Lebanon, PA",91,,,76,5.0,5.0,7.0,8.0,3,5.8500000000000005
36,HVAC,It's hot today and everyone's home. What temperature makes sense for the AC?,"Lebanon, PA",91,,,79,5.0,5.0,7.0,8.0,2,5.8500000000000005
36,HVAC,It's hot today and everyone's home. What temperature makes sense for the AC?,"Lebanon, PA",91,,,82,5.0,5.0,7.0,8.0,1,5.8500000000000005
37,HVAC,It's cold today and everyone's home. What heating temperature should I use?,"Lebanon, PA",21,,,66,5.0,4.0,7.0,8.0,2,5.5
37,HVAC,It's cold today and everyone's home. What heating temperature should I use?,"Lebanon, PA",21,,,69,4.0,4.0,7.0,8.0,3,5.2
37,HVAC,It's cold today and everyone's home. What heating temperature should I use?,"Lebanon, PA",21,,,72,6.0,6.0,7.0,8.0,1,6.5
38,HVAC,It's a hot day. What should I set my air conditioning to?,"Gettysburg, PA",88,,,74,6.0,5.0,8.0,7.0,2,6.2
38,HVAC,It's a hot day. What should I set my air conditioning to?,"Gettysburg, PA",88,,,77,4.0,3.0,7.0,6.0,3,4.550000000000001
38,HVAC,It's a hot day. What should I set my air conditioning to?,"Gettysburg, PA",88,,,80,6.0,5.0,8.0,7.0,1,6.2
39,HVAC,It's a cold day. What should I set the thermostat to?,"Gettysburg, PA",20,,,67,5.0,5.0,7.0,8.0,3,5.8500000000000005
39,HVAC,It's a cold day. What should I set the thermostat to?,"Gettysburg, PA",20,,,70,7.0,6.0,8.0,9.0,1,7.149999999999999
39,HVAC,It's a cold day. What should I set the thermostat to?,"Gettysburg, PA",20,,,73,6.0,5.0,8.0,9.0,2,6.5
40,HVAC,What temperature should I set the AC to overnight?,"Chambersburg, PA",92,,,75,6.0,7.0,8.0,8.0,1,7.05
40,HVAC,What temperature should I set the AC to overnight?,"Chambersburg, PA",92,,,78,5.0,6.0,7.0,8.0,3,6.2
40,HVAC,What temperature should I set the AC to overnight?,"Chambersburg, PA",92,,,81,6.0,6.0,7.0,8.0,2,6.5
41,HVAC,What temperature should I set the heat to overnight?,"Chambersburg, PA",18,,,67,6.0,6.0,7.0,8.0,3,6.5
41,HVAC,What temperature should I set the heat to overnight?,"Chambersburg, PA",18,,,70,6.0,6.0,7.0,8.0,2,6.5
41,HVAC,What temperature should I set the heat to overnight?,"Chambersburg, PA",18,,,73,6.0,6.0,7.0,8.0,1,6.5
42,HVAC,It's hot today and everyone's home. What temperature makes sense for the AC?,"Altoona, PA",85,,,76,4.0,4.0,7.0,8.0,2,5.2
42,HVAC,It's hot today and everyone's home. What temperature makes sense for the AC?,"Altoona, PA",85,,,79,5.0,5.0,7.0,8.0,1,5.8500000000000005
42,HVAC,It's hot today and everyone's home. What temperature makes sense for the AC?,"Altoona, PA",85,,,82,4.0,3.0,7.0,8.0,3,4.8500000000000005
43,HVAC,It's cold today and everyone's home. What heating temperature should I use?,"Altoona, PA",17,,,66,3.0,3.0,7.0,8.0,3,4.55
43,HVAC,It's cold today and everyone's home. What heating temperature should I use?,"Altoona, PA",17,,,69,3.0,3.0,7.0,8.0,2,4.55
43,HVAC,It's cold today and everyone's home. What heating temperature should I use?,"Altoona, PA",17,,,72,4.0,4.0,7.0,6.0,1,4.9
44,HVAC,I'm setting the thermostat for bedtime. What AC temperature is best for sleeping?,"Stroudsburg, PA",89,,,76,7.0,7.0,8.0,9.0,3,7.5
44,HVAC,I'm setting the thermostat for bedtime. What AC temperature is best for sleeping?,"Stroudsburg, PA",89,,,79,7.0,7.0,8.0,9.0,2,7.5
44,HVAC,I'm setting the thermostat for bedtime. What AC temperature is best for sleeping?,"Stroudsburg, PA",89,,,82,7.0,7.0,8.0,9.0,1,7.5
45,HVAC,I'm setting the thermostat for bedtime. What heating temperature is best for sleeping?,"Stroudsburg, PA",21,,,66,6.0,6.0,7.0,8.0,2,6.5
45,HVAC,I'm setting the thermostat for bedtime. What heating temperature is best for sleeping?,"Stroudsburg, PA",21,,,69,6.0,6.0,5.0,7.0,3,5.949999999999999
45,HVAC,I'm setting the thermostat for bedtime. What heating temperature is best for sleeping?,"Stroudsburg, PA",21,,,72,7.0,7.0,6.0,8.0,1,6.95
46,HVAC,"With people home all day in the heat, what's the best AC setting?","Hazleton, PA",98,,,78,4.0,4.0,7.0,8.0,2,5.2
46,HVAC,"With people home all day in the heat, what's the best AC setting?","Hazleton, PA",98,,,80,5.0,4.0,7.0,8.0,1,5.5
46,HVAC,"With people home all day in the heat, what's the best AC setting?","Hazleton, PA",98,,,82,4.0,4.0,6.0,7.0,3,4.85
47,HVAC,It's hot today and we're home as usual. What temperature should I set the AC to?,"Monroeville, PA",92,,,76,6.0,6.0,7.0,8.0,2,6.5
47,HVAC,It's hot today and we're home as usual. What temperature should I set the AC to?,"Monroeville, PA",92,,,78,6.0,6.0,8.0,7.0,1,6.55
47,HVAC,It's hot today and we're home as usual. What temperature should I set the AC to?,"Monroeville, PA",92,,,80,4.0,3.0,7.0,6.0,3,4.550000000000001
48,HVAC,I'll be home all day working and it's hot outside. What AC temperature makes sense?,"New Castle, PA",97,,,79,4.0,3.0,8.0,7.0,2,4.9
48,HVAC,I'll be home all day working and it's hot outside. What AC temperature makes sense?,"New Castle, PA",97,,,81,4.0,3.0,7.0,6.0,3,4.550000000000001
48,HVAC,I'll be home all day working and it's hot outside. What AC temperature makes sense?,"New Castle, PA",97,,,83,6.0,6.0,7.0,8.0,1,6.5
49,HVAC,It's hot today and we're home as usual. What temperature should I set the AC to?,"Butler, PA",88,,,72,5.0,5.0,7.0,8.0,3,5.8500000000000005
49,HVAC,It's hot today and we're home as usual. What temperature should I set the AC to?,"Butler, PA",88,,,75,6.0,6.0,7.0,8.0,1,6.5
49,HVAC,It's hot today and we're home as usual. What temperature should I set the AC to?,"Butler, PA",88,,,78,5.0,5.0,7.0,8.0,2,5.8500000000000005
50,HVAC,The house will be empty for 4 hours today. What AC temperature should I set?,"Coatesville, PA",91,,,77,6.0,6.0,4.0,8.0,3,5.8999999999999995
50,HVAC,The house will be empty for 4 hours today. What AC temperature should I set?,"Coatesville, PA",91,,,79,6.0,6.0,7.0,8.0,2,6.5
50,HVAC,The house will be empty for 4 hours today. What AC temperature should I set?,"Coatesville, PA",91,,,81,7.0,7.0,6.0,8.0,1,6.95
51,HVAC,It's a hot day. What should I set my air conditioning to?,"Uniontown, PA",95,,,78,3.0,2.0,8.0,7.0,3,4.25
51,HVAC,It's a hot day. What should I set my air conditioning to?,"Uniontown, PA",95,,,80,4.0,3.0,7.0,8.0,1,4.8500000000000005
51,HVAC,It's a hot day. What should I set my air conditioning to?,"Uniontown, PA",95,,,82,3.0,3.0,7.0,6.0,2,4.25
52,HVAC,Cold day today with 3 people home. What's a good heating temperature?,"Indiana, PA",18,,,65,6.0,6.0,7.0,8.0,3,6.5
52,HVAC,Cold day today with 3 people home. What's a good heating temperature?,"Indiana, PA",18,,,68,6.0,6.0,7.0,8.0,2,6.5
52,HVAC,Cold day today with 3 people home. What's a good heating temperature?,"Indiana, PA",18,,,71,6.0,6.0,8.0,9.0,1,6.85
53,HVAC,It's a hot day. What should I set my air conditioning to?,"Meadville, PA",90,,,73,7.0,6.0,8.0,9.0,1,7.149999999999999
53,HVAC,It's a hot day. What should I set my air conditioning to?,"Meadville, PA",90,,,76,5.0,4.0,7.0,6.0,3,5.199999999999999
53,HVAC,It's a hot day. What should I set my air conditioning to?,"Meadville, PA",90,,,79,6.0,5.0,8.0,7.0,2,6.2
54,HVAC,I'll be home all day working and it's hot outside. What AC temperature makes sense?,"Greensburg, PA",93,,,79,4.0,4.0,7.0,6.0,2,4.9
54,HVAC,I'll be home all day working and it's hot outside. What AC temperature makes sense?,"Greensburg, PA",93,,,81,4.0,4.0,6.0,7.0,3,4.85
54,HVAC,I'll be home all day working and it's hot outside. What AC temperature makes sense?,"Greensburg, PA",93,,,83,4.0,4.0,7.0,6.0,1,4.9
55,HVAC,It's a hot day. What should I set my air conditioning to?,"DuBois, PA",89,,,76,5.0,5.0,7.0,8.0,1,5.8500000000000005
55,HVAC,It's a hot day. What should I set my air conditioning to?,"DuBois, PA",89,,,77,4.0,3.0,7.0,6.0,3,4.550000000000001
55,HVAC,It's a hot day. What should I set my air conditioning to?,"DuBois, PA",89,,,78,4.0,4.0,7.0,8.0,2,5.2
56,HVAC,The house will be empty for 4 hours today. What AC temperature should I set?,"Oil City, PA",91,,,82,6.0,6.0,4.0,7.0,3,5.749999999999999
56,HVAC,The house will be empty for 4 hours today. What AC temperature should I set?,"Oil City, PA",91,,,76,7.0,7.0,5.0,8.0,1,6.75
56,HVAC,The house will be empty for 4 hours today. What AC temperature should I set?,"Oil City, PA",91,,,70,7.0,6.0,5.0,8.0,2,6.3999999999999995
57,HVAC,Cold day today with 3 people home. What's a good heating temperature?,"Reading, PA",20,,,65,6.0,6.0,7.0,8.0,2,6.5
57,HVAC,Cold day today with 3 people home. What's a good heating temperature?,"Reading, PA",20,,,72,5.0,5.0,7.0,8.0,3,5.8500000000000005
57,HVAC,Cold day today with 3 people home. What's a good heating temperature?,"Reading, PA",20,,,79,7.0,7.0,6.0,8.0,1,6.95
58,HVAC,Someone's home all day and it's hot outside. What should I set the AC to?,"Carlisle, PA",102,,,78,3.0,3.0,7.0,6.0,2,4.25
58,HVAC,Someone's home all day and it's hot outside. What should I set the AC to?,"Carlisle, PA",102,,,80,4.0,4.0,7.0,6.0,1,4.9
58,HVAC,Someone's home all day and it's hot outside. What should I set the AC to?,"Carlisle, PA",102,,,82,3.0,3.0,7.0,5.0,3,4.1
59,HVAC,Cold day today with 4 people home. What's a good heating temperature?,"Chambersburg, PA",5,,,66,4.0,4.0,7.0,6.0,3,4.9
59,HVAC,Cold day today with 4 people home. What's a good heating temperature?,"Chambersburg, PA",5,,,69,4.0,4.0,7.0,8.0,2,5.2
59,HVAC,Cold day today with 4 people home. What's a good heating temperature?,"Chambersburg, PA",5,,,72,4.0,4.0,7.0,8.0,1,5.2
60,HVAC,It's a cold day. What should I set the thermostat to?,"Gettysburg, PA",60,,,68,5.0,5.0,7.0,8.0,3,5.8500000000000005
60,HVAC,It's a cold day. What should I set the thermostat to?,"Gettysburg, PA",60,,,70,6.0,7.0,8.0,9.0,1,7.199999999999999
60,HVAC,It's a cold day. What should I set the thermostat to?,"Gettysburg, PA",60,,,72,5.0,5.0,7.0,8.0,2,5.8500000000000005
61,Appliance,I need to dry clothes this afternoon (around 2 PM). When should I start?,"York, PA",,0 to 10,,Dry at 2:00 PM,5.0,5.0,5.0,5.0,1,5.0
61,Appliance,I need to dry clothes this afternoon (around 2 PM). When should I start?,"York, PA",,0 to 10,,Dry at 2:00 AM,5.0,5.0,3.0,4.0,2,4.45
61,Appliance,I need to dry clothes this afternoon (around 2 PM). When should I start?,"York, PA",,0 to 10,,Dry at 9:00 PM,0.0,0.0,0.0,0.0,3,0.0
62,Appliance,Dinner's done around 7 PM. What's the best time to run the dishwasher?,"Lancaster, PA",,0 to 9,,Run dishwasher at 7:00 PM,5.0,5.0,7.0,8.0,3,5.8500000000000005
62,Appliance,Dinner's done around 7 PM. What's the best time to run the dishwasher?,"Lancaster, PA",,0 to 9,,Run dishwasher at 5:00 PM,5.0,5.0,7.0,8.0,2,5.8500000000000005
62,Appliance,Dinner's done around 7 PM. What's the best time to run the dishwasher?,"Lancaster, PA",,0 to 9,,Run dishwasher at 4:00 PM,8.0,7.0,6.0,5.0,1,6.8
63,Appliance,I'm ready to run the dishwasher after dinner (around 8 PM). When should I start it?,"Pittsburgh, PA",,1 to 11,,Run dishwasher at 8:00 PM,5.0,5.0,8.0,7.0,2,5.8999999999999995
63,Appliance,I'm ready to run the dishwasher after dinner (around 8 PM). When should I start it?,"Pittsburgh, PA",,1 to 11,,Run dishwasher at 5:00 PM,5.0,5.0,5.0,7.0,3,5.3
63,Appliance,I'm ready to run the dishwasher after dinner (around 8 PM). When should I start it?,"Pittsburgh, PA",,1 to 11,,Run dishwasher at 1:00 AM,7.0,8.0,5.0,6.0,1,6.800000000000001
64,Appliance,I want to run my dishwasher this afternoon (around 2 PM). When should I start it?,"Harrisburg, PA",,5 to 11,,Run dishwasher at 2:00 PM,5.0,5.0,7.0,8.0,1,5.8500000000000005
64,Appliance,I want to run my dishwasher this afternoon (around 2 PM). When should I start it?,"Harrisburg, PA",,5 to 11,,Run dishwasher at 10:00 PM,5.0,5.0,3.0,7.0,2,4.9
64,Appliance,I want to run my dishwasher this afternoon (around 2 PM). When should I start it?,"Harrisburg, PA",,5 to 11,,Run dishwasher at 1:00 AM,5.0,5.0,3.0,4.0,3,4.45
65,Appliance,The dishwasher is full (around 1 AM). Should I run it now or delay it?,"Allentown, PA",,0 to 9,,Run dishwasher at 1:00 AM,7.0,8.0,9.0,8.0,1,7.9
65,Appliance,The dishwasher is full (around 1 AM). Should I run it now or delay it?,"Allentown, PA",,0 to 9,,Run dishwasher at 3:00 PM,5.0,5.0,7.0,8.0,3,5.8500000000000005
65,Appliance,The dishwasher is full (around 1 AM). Should I run it now or delay it?,"Allentown, PA",,0 to 9,,Run dishwasher at 11:00 PM,8.0,7.0,9.0,8.0,2,7.85
66,Appliance,I'm finally getting to laundry (around 1 AM). When should I start the washer?,"Philadelphia, PA",,1 to 11,,Wash at 1:00 AM,5.0,5.0,3.0,7.0,3,4.9
66,Appliance,I'm finally getting to laundry (around 1 AM). When should I start the washer?,"Philadelphia, PA",,1 to 11,,Wash at 7:00 PM,5.0,5.0,3.0,7.0,2,4.9
66,Appliance,I'm finally getting to laundry (around 1 AM). When should I start the washer?,"Philadelphia, PA",,1 to 11,,Wash at 3:00 PM,5.0,5.0,3.0,7.0,1,4.9
67,Appliance,I have time to do laundry this afternoon (around 5 PM). When should I start?,"Lancaster, PA",,3 to 13,,Wash at 5:00 PM,5.0,5.0,7.0,6.0,2,5.550000000000001
67,Appliance,I have time to do laundry this afternoon (around 5 PM). When should I start?,"Lancaster, PA",,3 to 13,,Wash at 2:00 PM,5.0,5.0,7.0,8.0,1,5.8500000000000005
67,Appliance,I have time to do laundry this afternoon (around 5 PM). When should I start?,"Lancaster, PA",,3 to 13,,Wash at 10:00 PM,5.0,5.0,3.0,4.0,3,4.45
68,Appliance,Planning to run the washing machine around 11 PM. Is that okay or should I wait?,"Pittsburgh, PA",,1 to 11,,Wash at 11:00 PM,8.0,7.0,6.0,9.0,1,7.3999999999999995
68,Appliance,Planning to run the washing machine around 11 PM. Is that okay or should I wait?,"Pittsburgh, PA",,1 to 11,,Wash at 3:00 PM,5.0,5.0,7.0,8.0,3,5.8500000000000005
68,Appliance,Planning to run the washing machine around 11 PM. Is that okay or should I wait?,"Pittsburgh, PA",,1 to 11,,Wash at 5:00 PM,5.0,5.0,7.0,8.0,2,5.8500000000000005
69,Appliance,I have time to do laundry this afternoon (around 5 PM). When should I start?,"Harrisburg, PA",,0 to 9,,Wash at 5:00 PM,5.0,5.0,7.0,8.0,2,5.8500000000000005
69,Appliance,I have time to do laundry this afternoon (around 5 PM). When should I start?,"Harrisburg, PA",,0 to 9,,Wash at 2:00 PM,5.0,5.0,3.0,7.0,3,4.9
69,Appliance,I have time to do laundry this afternoon (around 5 PM). When should I start?,"Harrisburg, PA",,0 to 9,,Wash at 9:00 PM,10.0,10.0,7.0,8.0,1,9.1
70,Appliance,Thinking of washing clothes around 4 PM. Good timing?,"Allentown, PA",,3 to 13,,Wash at 4:00 PM,5.0,5.0,7.0,8.0,2,5.8500000000000005
70,Appliance,Thinking of washing clothes around 4 PM. Good timing?,"Allentown, PA",,3 to 13,,Wash at 1:00 AM,0.0,0.0,0.0,0.0,3,0.0
70,Appliance,Thinking of washing clothes around 4 PM. Good timing?,"Allentown, PA",,3 to 13,,Wash at 10:00 PM,8.0,7.0,6.0,7.0,1,7.1
71,Appliance,I have time to do laundry this afternoon (around 4 PM). When should I start?,"Erie, PA",,4 to 10,,Wash at 4:00 PM,5.0,5.0,7.0,8.0,1,5.8500000000000005
71,Appliance,I have time to do laundry this afternoon (around 4 PM). When should I start?,"Erie, PA",,4 to 10,,Wash at 12:00 PM,5.0,5.0,3.0,4.0,3,4.45
71,Appliance,I have time to do laundry this afternoon (around 4 PM). When should I start?,"Erie, PA",,4 to 10,,Wash at 9:00 PM,5.0,5.0,7.0,6.0,2,5.550000000000001
72,Appliance,Thinking of washing clothes around 5 PM. Good timing?,"Scranton, PA",,1 to 3,,Wash at 5:00 PM,5.0,5.0,7.0,8.0,2,5.8500000000000005
72,Appliance,Thinking of washing clothes around 5 PM. Good timing?,"Scranton, PA",,1 to 3,,Wash at 1:00 AM,0.0,0.0,0.0,0.0,3,0.0
72,Appliance,Thinking of washing clothes around 5 PM. Good timing?,"Scranton, PA",,1 to 3,,Wash at 7:00 PM,10.0,10.0,10.0,10.0,1,10.0
73,Appliance,It's late (around 7 PM) but I need to wash clothes. Should I do it now?,"Bethlehem, PA",,2 to 22,,Wash at 7:00 PM,5.0,5.0,8.0,7.0,2,5.8999999999999995
73,Appliance,It's late (around 7 PM) but I need to wash clothes. Should I do it now?,"Bethlehem, PA",,2 to 22,,Wash at 2:00 PM,5.0,5.0,5.0,5.0,3,5.0
73,Appliance,It's late (around 7 PM) but I need to wash clothes. Should I do it now?,"Bethlehem, PA",,2 to 22,,Wash at 1:00 AM,10.0,10.0,8.0,9.0,1,9.45
74,Appliance,I want to run a load of laundry around 5 PM. When's the best time?,"Reading, PA",,2 to 12,,Wash at 5:00 PM,5.0,5.0,5.0,5.0,3,5.0
74,Appliance,I want to run a load of laundry around 5 PM. When's the best time?,"Reading, PA",,2 to 12,,Wash at 10:00 PM,8.0,7.0,5.0,6.0,1,6.75
74,Appliance,I want to run a load of laundry around 5 PM. When's the best time?,"Reading, PA",,2 to 12,,Wash at 1:00 AM,7.0,8.0,3.0,5.0,2,6.25
75,Appliance,Planning to run the washing machine around 9 PM. Is that okay or should I wait?,"York, PA",,0 to 8,,Wash at 9:00 PM,7.0,8.0,9.0,8.0,2,7.9
75,Appliance,Planning to run the washing machine around 9 PM. Is that okay or should I wait?,"York, PA",,0 to 8,,Wash at 12:00 AM,10.0,10.0,8.0,9.0,1,9.45
75,Appliance,Planning to run the washing machine around 9 PM. Is that okay or should I wait?,"York, PA",,0 to 8,,Wash at 2:00 PM,5.0,5.0,5.0,5.0,3,5.0
76,Appliance,My laundry is ready to dry (around 2 PM). Should I run the dryer now or wait?,"Philadelphia, PA",,0 to 7,,Dry at 2:00 PM,5.0,5.0,7.0,8.0,3,5.8500000000000005
76,Appliance,My laundry is ready to dry (around 2 PM). Should I run the dryer now or wait?,"Philadelphia, PA",,0 to 7,,Dry at 9:00 PM,7.0,7.0,8.0,6.0,2,7.050000000000001
76,Appliance,My laundry is ready to dry (around 2 PM). Should I run the dryer now or wait?,"Philadelphia, PA",,0 to 7,,Dry at 5:00 PM,7.0,7.0,8.0,9.0,1,7.5
77,Appliance,Planning to run the dryer around 2 PM. Is that a good time?,"Lancaster, PA",,2 to 12,,Dry at 2:00 PM,5.0,5.0,7.0,6.0,3,5.550000000000001
77,Appliance,Planning to run the dryer around 2 PM. Is that a good time?,"Lancaster, PA",,2 to 12,,Dry at 12:00 AM,10.0,10.0,10.0,10.0,1,10.0
77,Appliance,Planning to run the dryer around 2 PM. Is that a good time?,"Lancaster, PA",,2 to 12,,Dry at 11:00 PM,8.0,8.0,6.0,7.0,2,7.449999999999999
78,Appliance,I'm ready to dry clothes (around 1 AM). When should I start the dryer?,"Pittsburgh, PA",,2 to 22,,Dry at 1:00 AM,10.0,10.0,7.0,8.0,1,9.1
78,Appliance,I'm ready to dry clothes (around 1 AM). When should I start the dryer?,"Pittsburgh, PA",,2 to 22,,Dry at 2:00 PM,0.0,0.0,0.0,0.0,3,0.0
78,Appliance,I'm ready to dry clothes (around 1 AM). When should I start the dryer?,"Pittsburgh, PA",,2 to 22,,Dry at 8:00 PM,0.0,0.0,0.0,0.0,2,0.0
79,Appliance,I'm ready to dry clothes (around 8 PM). When should I start the dryer?,"Harrisburg, PA",,1 to 3,,Dry at 8:00 PM,5.0,5.0,8.0,7.0,1,5.8999999999999995
79,Appliance,I'm ready to dry clothes (around 8 PM). When should I start the dryer?,"Harrisburg, PA",,1 to 3,,Dry at 10:00 AM,5.0,5.0,2.0,4.0,3,4.25
79,Appliance,I'm ready to dry clothes (around 8 PM). When should I start the dryer?,"Harrisburg, PA",,1 to 3,,Dry at 4:00 PM,5.0,5.0,2.0,7.0,2,4.7
80,Appliance,Planning to run the dryer around 1 AM. Is that the best time?,"Allentown, PA",,0 to 6,,Dry at 1:00 AM,5.0,5.0,3.0,4.0,3,4.45
80,Appliance,Planning to run the dryer around 1 AM. Is that the best time?,"Allentown, PA",,0 to 6,,Dry at 9:00 PM,7.0,8.0,5.0,6.0,1,6.800000000000001
80,Appliance,Planning to run the dryer around 1 AM. Is that the best time?,"Allentown, PA",,0 to 6,,Dry at 4:00 PM,7.0,7.0,5.0,8.0,2,6.75
81,Appliance,It's late (around midnight) and I need to dry laundry. Should I start now or delay?,"Erie, PA",,0 to 6,,Dry at 12:00 AM,5.0,5.0,2.0,4.0,3,4.25
81,Appliance,It's late (around midnight) and I need to dry laundry. Should I start now or delay?,"Erie, PA",,0 to 6,,Dry at 7:00 PM,5.0,5.0,3.0,7.0,2,4.9
81,Appliance,It's late (around midnight) and I need to dry laundry. Should I start now or delay?,"Erie, PA",,0 to 6,,Dry at 3:00 PM,5.0,5.0,8.0,7.0,1,5.8999999999999995
82,Appliance,I'm ready to dry clothes (around midnight). When should I start the dryer?,"Scranton, PA",,3 to 13,,Dry at 12:00 AM,10.0,10.0,7.0,8.0,2,9.1
82,Appliance,I'm ready to dry clothes (around midnight). When should I start the dryer?,"Scranton, PA",,3 to 13,,Dry at 10:00 PM,10.0,10.0,8.0,9.0,1,9.45
82,Appliance,I'm ready to dry clothes (around midnight). When should I start the dryer?,"Scranton, PA",,3 to 13,,Dry at 4:00 PM,0.0,0.0,0.0,0.0,3,0.0
83,Appliance,My laundry is ready to dry (around 4 PM). Should I run the dryer now or wait?,"Bethlehem, PA",,2 to 22,,Dry at 4:00 PM,5.0,5.0,7.0,8.0,3,5.8500000000000005
83,Appliance,My laundry is ready to dry (around 4 PM). Should I run the dryer now or wait?,"Bethlehem, PA",,2 to 22,,Dry at 10:00 PM,8.0,8.0,6.0,7.0,1,7.449999999999999
83,Appliance,My laundry is ready to dry (around 4 PM). Should I run the dryer now or wait?,"Bethlehem, PA",,2 to 22,,Dry at 6:00 AM,8.0,7.0,5.0,6.0,2,6.75
84,Appliance,Planning to run the dryer around 3 PM. Is that a good time?,"Reading, PA",,5 to 25,,Dry at 3:00 PM,5.0,5.0,7.0,6.0,3,5.550000000000001
84,Appliance,Planning to run the dryer around 3 PM. Is that a good time?,"Reading, PA",,5 to 25,,Dry at 11:00 PM,8.0,8.0,6.0,7.0,1,7.449999999999999
84,Appliance,Planning to run the dryer around 3 PM. Is that a good time?,"Reading, PA",,5 to 25,,Dry at 1:00 AM,7.0,8.0,4.0,6.0,2,6.6
85,Appliance,When should I do dishes today?,"York, PA",,0 to 10,,Run dishwasher at 7:00 PM,5.0,5.0,7.0,6.0,2,5.550000000000001
85,Appliance,When should I do dishes today?,"York, PA",,0 to 10,,Run dishwasher at 10:00 PM,5.0,5.0,7.0,6.0,1,5.550000000000001
85,Appliance,When should I do dishes today?,"York, PA",,0 to 10,,Run dishwasher at 1:00 AM,5.0,5.0,3.0,4.0,3,4.45
86,Shower,What's the ideal shower length?,"Erie, PA",28,,standard,6,5.0,5.0,7.0,6.0,3,5.550000000000001
86,Shower,What's the ideal shower length?,"Erie, PA",28,,standard,9,5.0,5.0,7.0,6.0,2,5.550000000000001
86,Shower,What's the ideal shower length?,"Erie, PA",28,,standard,12,5.0,5.0,7.0,8.0,1,5.8500000000000005
87,Shower,What's the ideal shower length?,"Scranton, PA",32,,standard,5,5.0,5.0,5.0,5.0,3,5.0
87,Shower,What's the ideal shower length?,"Scranton, PA",32,,standard,7,5.0,5.0,7.0,6.0,2,5.550000000000001
87,Shower,What's the ideal shower length?,"Scranton, PA",32,,standard,10,5.0,5.0,7.0,6.0,1,5.550000000000001
88,Shower,What's the ideal shower length?,"Bethlehem, PA",60,,low_flow,5,5.0,5.0,5.0,5.0,3,5.0
88,Shower,What's the ideal shower length?,"Bethlehem, PA",60,,low_flow,10,5.0,5.0,7.0,8.0,1,5.8500000000000005
88,Shower,What's the ideal shower length?,"Bethlehem, PA",60,,low_flow,15,5.0,5.0,7.0,6.0,2,5.550000000000001
89,Shower,How long should my showers be?,"Reading, PA",82,,standard,5,5.0,5.0,5.0,5.0,3,5.0
89,Shower,How long should my showers be?,"Reading, PA",82,,standard,8,5.0,5.0,7.0,6.0,2,5.550000000000001
89,Shower,How long should my showers be?,"Reading, PA",82,,standard,12,6.0,6.0,5.0,7.0,1,5.949999999999999
90,Shower,How long should my showers be?,"York, PA",48,,standard,5,7.0,7.0,5.0,8.0,1,6.75
90,Shower,How long should my showers be?,"York, PA",48,,standard,10,5.0,5.0,7.0,8.0,3,5.8500000000000005
90,Shower,How long should my showers be?,"York, PA",48,,standard,15,5.0,5.0,7.0,8.0,2,5.8500000000000005
91,Shower,How long should my showers be?,"West Chester, PA",58,,low_flow,5,5.0,5.0,5.0,5.0,3,5.0
91,Shower,How long should my showers be?,"West Chester, PA",58,,low_flow,7,5.0,5.0,7.0,8.0,2,5.8500000000000005
91,Shower,How long should my showers be?,"West Chester, PA",58,,low_flow,10,6.0,6.0,7.0,8.0,1,6.5
92,Shower,How long should my showers be?,"State College, PA",30,,standard,6,5.0,5.0,7.0,8.0,2,5.8500000000000005
92,Shower,How long should my showers be?,"State College, PA",30,,standard,10,5.0,5.0,7.0,8.0,1,5.8500000000000005
92,Shower,How long should my showers be?,"State College, PA",30,,standard,15,5.0,5.0,7.0,6.0,3,5.550000000000001
93,Shower,How long should my showers be?,"Doylestown, PA",85,,standard,6,5.0,5.0,7.0,6.0,2,5.550000000000001
93,Shower,How long should my showers be?,"Doylestown, PA",85,,standard,9,5.0,5.0,7.0,8.0,1,5.8500000000000005
93,Shower,How long should my showers be?,"Doylestown, PA",85,,standard,12,4.0,4.0,7.0,6.0,3,4.9
94,Shower,What's the ideal shower length?,"Media, PA",52,,low_flow,5,5.0,5.0,5.0,5.0,3,5.0
94,Shower,What's the ideal shower length?,"Media, PA",52,,low_flow,8,6.0,6.0,7.0,8.0,2,6.5
94,Shower,What's the ideal shower length?,"Media, PA",52,,low_flow,12,7.0,7.0,5.0,8.0,1,6.75
95,Shower,What's the ideal shower length?,"Norristown, PA",35,,standard,6,5.0,5.0,6.0,7.0,3,5.5
95,Shower,What's the ideal shower length?,"Norristown, PA",35,,standard,10,5.0,5.0,7.0,8.0,1,5.8500000000000005
95,Shower,What's the ideal shower length?,"Norristown, PA",35,,standard,15,5.0,5.0,7.0,6.0,2,5.550000000000001
96,Shower,What's the ideal shower length?,"King of Prussia, PA",62,,standard,6,5.0,5.0,7.0,6.0,3,5.550000000000001
96,Shower,What's the ideal shower length?,"King of Prussia, PA",62,,standard,9,5.0,5.0,7.0,6.0,2,5.550000000000001
96,Shower,What's the ideal shower length?,"King of Prussia, PA",62,,standard,12,5.0,5.0,7.0,6.0,1,5.550000000000001
97,Shower,How long should my showers be?,"Pottstown, PA",78,,standard,5,5.0,5.0,7.0,6.0,3,5.550000000000001
97,Shower,How long should my showers be?,"Pottstown, PA",78,,standard,8,5.0,5.0,7.0,6.0,2,5.550000000000001
97,Shower,How long should my showers be?,"Pottstown, PA",78,,standard,12,5.0,5.0,7.0,6.0,1,5.550000000000001
98,Shower,What's the ideal shower length?,"Exton, PA",55,,standard,6,5.0,5.0,7.0,6.0,1,5.550000000000001
98,Shower,What's the ideal shower length?,"Exton, PA",55,,standard,9,5.0,5.0,6.0,7.0,3,5.5
98,Shower,What's the ideal shower length?,"Exton, PA",55,,standard,12,5.0,5.0,6.0,7.0,2,5.5
99,Shower,What's the ideal shower length?,"Newtown, PA",33,,standard,5,5.0,5.0,5.0,5.0,3,5.0
99,Shower,What's the ideal shower length?,"Newtown, PA",33,,standard,7,5.0,5.0,7.0,8.0,2,5.8500000000000005
99,Shower,What's the ideal shower length?,"Newtown, PA",33,,standard,10,7.0,7.0,5.0,8.0,1,6.75
100,Shower,What's the ideal shower length?,"Wilkes-Barre, PA",58,,low_flow,2,5.0,5.0,3.0,7.0,3,4.9
100,Shower,What's the ideal shower length?,"Wilkes-Barre, PA",58,,low_flow,16,6.0,6.0,7.0,8.0,1,6.5
100,Shower,What's the ideal shower length?,"Wilkes-Barre, PA",58,,low_flow,29,5.0,5.0,7.0,8.0,2,5.8500000000000005
